"http://info.raad.tartu.ee/webaktid.nsf/web/viited/VOLM2016063000118"	"KonkS SpS"
"http://info.raad.tartu.ee/webaktid.nsf/web/viited/VOLM2016063000117"	"PGS"
"http://info.raad.tartu.ee/webaktid.nsf/web/viited/VOLM2016063000116"	"PGS"
"http://info.raad.tartu.ee/webaktid.nsf/web/viited/VOLM2016063000114"	"EraKS"
"http://info.raad.tartu.ee/webaktid.nsf/web/viited/VOLM2016060900112"	"KorS"
"http://info.raad.tartu.ee/webaktid.nsf/web/viited/VOLM2016031700107"	"ES"
"http://info.raad.tartu.ee/webaktid.nsf/web/viited/VOLM2016031700106"	"ES"
"http://info.raad.tartu.ee/webaktid.nsf/web/viited/VOLM2016021800104"	"TKS"
"http://info.raad.tartu.ee/webaktid.nsf/web/viited/VOLM2016021800103"	"PGS"
"http://info.raad.tartu.ee/webaktid.nsf/web/viited/VOLM2015121700100"	"LS"
"http://info.raad.tartu.ee/webaktid.nsf/web/viited/VOLM2015120300098"	"RLS"
"http://info.raad.tartu.ee/webaktid.nsf/web/viited/VOLM2015111200095"	"MaaMS"
"http://info.raad.tartu.ee/webaktid.nsf/web/viited/VOLM2015091700090"	"LS"
"http://info.raad.tartu.ee/webaktid.nsf/web/viited/VOLM2015062500087"	"EhS"
"http://info.raad.tartu.ee/webaktid.nsf/web/viited/VOLM2015062500086"	"EhS"
"http://info.raad.tartu.ee/webaktid.nsf/web/viited/VOLM2015062500085"	"ÜTS"
"http://info.raad.tartu.ee/webaktid.nsf/web/viited/VOLM2015062500084"	"ÜTS"
"http://info.raad.tartu.ee/webaktid.nsf/web/viited/VOLM2015062500083"	"ÜTS"
"http://info.raad.tartu.ee/webaktid.nsf/web/viited/VOLM2015062500082"	"LS"
"http://info.raad.tartu.ee/webaktid.nsf/web/viited/VOLM2015062500078"	"PGS"
"http://info.raad.tartu.ee/webaktid.nsf/web/viited/VOLM2015052100075"	"ES"
"http://info.raad.tartu.ee/webaktid.nsf/web/viited/VOLM2015052100069"	"EhS"
"http://info.raad.tartu.ee/webaktid.nsf/web/viited/VOLM2015041600066"	"RLS"
"http://info.raad.tartu.ee/webaktid.nsf/web/viited/VOLM2015031900062"	"PGS"
"http://info.raad.tartu.ee/webaktid.nsf/web/viited/VOLM2015031900061"	"KorS"
"http://info.raad.tartu.ee/webaktid.nsf/web/viited/VOLM2015031900060"	"KNS"
"http://info.raad.tartu.ee/webaktid.nsf/web/viited/VOLM2015012200053"	"KNS"
"http://info.raad.tartu.ee/webaktid.nsf/web/viited/VOLM2014121800052"	"JäätS"
"http://info.raad.tartu.ee/webaktid.nsf/web/viited/VOLM2014121800050"	"MaaMS"
"http://info.raad.tartu.ee/webaktid.nsf/web/viited/VOLM2014120400049"	"MuKS"
"http://info.raad.tartu.ee/webaktid.nsf/web/viited/VOLM2014101600048"	"PKS"
"http://info.raad.tartu.ee/webaktid.nsf/web/viited/VOLM2014091800045"	"KNS"
"http://info.raad.tartu.ee/webaktid.nsf/web/viited/VOLM2014091800044"	"KNS"
"http://info.raad.tartu.ee/webaktid.nsf/web/viited/VOLM2014091800043"	"KNS"
"http://info.raad.tartu.ee/webaktid.nsf/web/viited/VOLM2014091800042"	"KNS"
"http://info.raad.tartu.ee/webaktid.nsf/web/viited/VOLM2014091800039"	"KorS"
"http://info.raad.tartu.ee/webaktid.nsf/web/viited/VOLM2014091800036"	"TubS"
"http://info.raad.tartu.ee/webaktid.nsf/web/viited/VOLM2014062600032"	"KorS"
"http://info.raad.tartu.ee/webaktid.nsf/web/viited/VOLM2014062600029"	"PGS"
"http://info.raad.tartu.ee/webaktid.nsf/web/viited/VOLM2014062600028"	"PGS"
"http://info.raad.tartu.ee/webaktid.nsf/web/viited/VOLM2014062600025"	"EraKS"
"http://info.raad.tartu.ee/webaktid.nsf/web/viited/VOLM2014061200023"	"PGS"
"http://info.raad.tartu.ee/webaktid.nsf/web/viited/VOLM2014052200022"	"PGS"
"http://info.raad.tartu.ee/webaktid.nsf/web/viited/VOLM2014052200021"	"PGS"
"http://info.raad.tartu.ee/webaktid.nsf/web/viited/VOLM2014052200020"	"PGS"
"http://info.raad.tartu.ee/webaktid.nsf/web/viited/VOLM2014042400018"	"PGS"
"http://info.raad.tartu.ee/webaktid.nsf/web/viited/VOLM2014032000012"	"KNS"
"http://info.raad.tartu.ee/webaktid.nsf/web/viited/VOLM2014032000010"	"PGS"
"http://info.raad.tartu.ee/webaktid.nsf/web/viited/VOLM2013121900007"	"PlanS LKS AÕS MaaKatS"
"http://info.raad.tartu.ee/webaktid.nsf/web/viited/VOLM2013121900004"	"PGS"
"http://info.raad.tartu.ee/webaktid.nsf/web/viited/VOLM2013121900002"	"MaaMS"
"http://info.raad.tartu.ee/webaktid.nsf/web/viited/VOLM2013120500001"	"RekS"
"http://info.raad.tartu.ee/webaktid.nsf/web/viited/VOLO2016091500376"	"PlanS"
"http://info.raad.tartu.ee/webaktid.nsf/web/viited/VOLO2016091500374"	"PlanS"
"http://info.raad.tartu.ee/webaktid.nsf/web/viited/VOLO2016091500373"	"PlanS"
"http://info.raad.tartu.ee/webaktid.nsf/web/viited/VOLO2016063000371"	"PGS"
"http://info.raad.tartu.ee/webaktid.nsf/web/viited/VOLO2016063000368"	"ÜTS"
"http://info.raad.tartu.ee/webaktid.nsf/web/viited/VOLO2016063000366"	"PlanS"
"http://info.raad.tartu.ee/webaktid.nsf/web/viited/VOLO2016063000365"	"PlanS"
"http://info.raad.tartu.ee/webaktid.nsf/web/viited/VOLO2016063000364"	"PlanS"
"http://info.raad.tartu.ee/webaktid.nsf/web/viited/VOLO2016063000363"	"PlanS"
"http://info.raad.tartu.ee/webaktid.nsf/web/viited/VOLO2016063000362"	"PlanS"
"http://info.raad.tartu.ee/webaktid.nsf/web/viited/VOLO2016060900354"	"PlanS"
"http://info.raad.tartu.ee/webaktid.nsf/web/viited/VOLO2016060900353"	"PlanS"
"http://info.raad.tartu.ee/webaktid.nsf/web/viited/VOLO2016051200343"	"PlanS"
"http://info.raad.tartu.ee/webaktid.nsf/web/viited/VOLO2016051200342"	"PlanS"
"http://info.raad.tartu.ee/webaktid.nsf/web/viited/VOLO2016051200341"	"PlanS"
"http://info.raad.tartu.ee/webaktid.nsf/web/viited/VOLO2016051200340"	"PlanS"
"http://info.raad.tartu.ee/webaktid.nsf/web/viited/VOLO2016051200339"	"PlanS"
"http://info.raad.tartu.ee/webaktid.nsf/web/viited/VOLO2016041400330"	"PlanS"
"http://info.raad.tartu.ee/webaktid.nsf/web/viited/VOLO2016041400329"	"PlanS"
"http://info.raad.tartu.ee/webaktid.nsf/web/viited/VOLO2016041400328"	"PlanS"
"http://info.raad.tartu.ee/webaktid.nsf/web/viited/VOLO2016041400327"	"PlanS"
"http://info.raad.tartu.ee/webaktid.nsf/web/viited/VOLO2016041400326"	"PlanS"
"http://info.raad.tartu.ee/webaktid.nsf/web/viited/VOLO2016041400325"	"PlanS"
"http://info.raad.tartu.ee/webaktid.nsf/web/viited/VOLO2016041400324"	"PlanS"
"http://info.raad.tartu.ee/webaktid.nsf/web/viited/VOLO2016041400323"	"PlanS"
"http://info.raad.tartu.ee/webaktid.nsf/web/viited/VOLO2016041400322"	"PlanS"
"http://info.raad.tartu.ee/webaktid.nsf/web/viited/VOLO2016031700320"	"PlanS"
"http://info.raad.tartu.ee/webaktid.nsf/web/viited/VOLO2016031700319"	"PlanS"
"http://info.raad.tartu.ee/webaktid.nsf/web/viited/VOLO2016031700318"	"PlanS"
"http://info.raad.tartu.ee/webaktid.nsf/web/viited/VOLO2016021800314"	"KNS"
"http://info.raad.tartu.ee/webaktid.nsf/web/viited/VOLO2016021800313"	"KNS"
"http://info.raad.tartu.ee/webaktid.nsf/web/viited/VOLO2016021800309"	"PlanS"
"http://info.raad.tartu.ee/webaktid.nsf/web/viited/VOLO2016021800308"	"PlanS KutS"
"http://info.raad.tartu.ee/webaktid.nsf/web/viited/VOLO2016021800307"	"LKS PlanS"
"http://info.raad.tartu.ee/webaktid.nsf/web/viited/VOLO2016012100304"	"KNS"
"http://info.raad.tartu.ee/webaktid.nsf/web/viited/VOLO2016012100302"	"PlanS"
"http://info.raad.tartu.ee/webaktid.nsf/web/viited/VOLO2016012100301"	"PlanS"
"http://info.raad.tartu.ee/webaktid.nsf/web/viited/VOLO2016012100300"	"PlanS"
"http://info.raad.tartu.ee/webaktid.nsf/web/viited/VOLO2016012100299"	"PlanS"
"http://info.raad.tartu.ee/webaktid.nsf/web/viited/VOLO2016012100298"	"PlanS"
"http://info.raad.tartu.ee/webaktid.nsf/web/viited/VOLO2015121700293"	"LS"
"http://info.raad.tartu.ee/webaktid.nsf/web/viited/VOLO2015120300289"	"KNS"
"http://info.raad.tartu.ee/webaktid.nsf/web/viited/VOLO2015120300287"	"EhS"
"http://info.raad.tartu.ee/webaktid.nsf/web/viited/VOLO2015120300283"	"PlanS"
"http://info.raad.tartu.ee/webaktid.nsf/web/viited/VOLO2015120300282"	"PlanS"
"http://info.raad.tartu.ee/webaktid.nsf/web/viited/VOLO2015120300281"	"PlanS"
"http://info.raad.tartu.ee/webaktid.nsf/web/viited/VOLO2015120300280"	"PlanS"
"http://info.raad.tartu.ee/webaktid.nsf/web/viited/VOLO2015111200277"	"KNS"
"http://info.raad.tartu.ee/webaktid.nsf/web/viited/VOLO2015111200276"	"VÕS TuMS"
"http://info.raad.tartu.ee/webaktid.nsf/web/viited/VOLO2015111200271"	"PlanS"
"http://info.raad.tartu.ee/webaktid.nsf/web/viited/VOLO2015111200270"	"PlanS"
"http://info.raad.tartu.ee/webaktid.nsf/web/viited/VOLO2015111200269"	"PlanS"
"http://info.raad.tartu.ee/webaktid.nsf/web/viited/VOLO2015111200268"	"PlanS"
"http://info.raad.tartu.ee/webaktid.nsf/web/viited/VOLO2015111200267"	"PlanS"
"http://info.raad.tartu.ee/webaktid.nsf/web/viited/VOLO2015111200266"	"PlanS"
"http://info.raad.tartu.ee/webaktid.nsf/web/viited/VOLO2015101500261"	"PlanS"
"http://info.raad.tartu.ee/webaktid.nsf/web/viited/VOLO2015101500260"	"PlanS"
"http://info.raad.tartu.ee/webaktid.nsf/web/viited/VOLO2015101500259"	"PlanS LKS"
"http://info.raad.tartu.ee/webaktid.nsf/web/viited/VOLO2015091700258"	"KNS"
"http://info.raad.tartu.ee/webaktid.nsf/web/viited/VOLO2015091700257"	"ÜTS"
"http://info.raad.tartu.ee/webaktid.nsf/web/viited/VOLO2015091700249"	"PlanS"
"http://info.raad.tartu.ee/webaktid.nsf/web/viited/VOLO2015091700248"	"PlanS"
"http://info.raad.tartu.ee/webaktid.nsf/web/viited/VOLO2015091700247"	"PlanS"
"http://info.raad.tartu.ee/webaktid.nsf/web/viited/VOLO2015091700246"	"PlanS"
"http://info.raad.tartu.ee/webaktid.nsf/web/viited/VOLO2015091700245"	"PlanS"
"http://info.raad.tartu.ee/webaktid.nsf/web/viited/VOLO2015062500242"	"PlanS"
"http://info.raad.tartu.ee/webaktid.nsf/web/viited/VOLO2015062500241"	"PlanS"
"http://info.raad.tartu.ee/webaktid.nsf/web/viited/VOLO2015062500240"	"PlanS"
"http://info.raad.tartu.ee/webaktid.nsf/web/viited/VOLO2015062500239"	"PlanS"
"http://info.raad.tartu.ee/webaktid.nsf/web/viited/VOLO2015062500238"	"PlanS"
"http://info.raad.tartu.ee/webaktid.nsf/web/viited/VOLO2015062500237"	"PlanS"
"http://info.raad.tartu.ee/webaktid.nsf/web/viited/VOLO2015062500236"	"PlanS"
"http://info.raad.tartu.ee/webaktid.nsf/web/viited/VOLO2015062500235"	"PlanS"
"http://info.raad.tartu.ee/webaktid.nsf/web/viited/VOLO2015062500234"	"PlanS"
"http://info.raad.tartu.ee/webaktid.nsf/web/viited/VOLO2015062500233"	"PlanS"
"http://info.raad.tartu.ee/webaktid.nsf/web/viited/VOLO2015062500227"	"PGS"
"http://info.raad.tartu.ee/webaktid.nsf/web/viited/VOLO2015052100219"	"PlanS"
"http://info.raad.tartu.ee/webaktid.nsf/web/viited/VOLO2015052100218"	"PlanS"
"http://info.raad.tartu.ee/webaktid.nsf/web/viited/VOLO2015052100217"	"PlanS"
"http://info.raad.tartu.ee/webaktid.nsf/web/viited/VOLO2015052100216"	"PlanS"
"http://info.raad.tartu.ee/webaktid.nsf/web/viited/VOLO2015052100215"	"PlanS"
"http://info.raad.tartu.ee/webaktid.nsf/web/viited/VOLO2015052100214"	"PlanS"
"http://info.raad.tartu.ee/webaktid.nsf/web/viited/VOLO2015052100213"	"PlanS"
"http://info.raad.tartu.ee/webaktid.nsf/web/viited/VOLO2015041600207"	"LKS PlanS VeeS"
"http://info.raad.tartu.ee/webaktid.nsf/web/viited/VOLO2015041600206"	"PlanS"
"http://info.raad.tartu.ee/webaktid.nsf/web/viited/VOLO2015041600205"	"PlanS"
"http://info.raad.tartu.ee/webaktid.nsf/web/viited/VOLO2015041600204"	"PlanS"
"http://info.raad.tartu.ee/webaktid.nsf/web/viited/VOLO2015031900189"	"PlanS"
"http://info.raad.tartu.ee/webaktid.nsf/web/viited/VOLO2015031900188"	"PlanS"
"http://info.raad.tartu.ee/webaktid.nsf/web/viited/VOLO2015031900187"	"PlanS"
"http://info.raad.tartu.ee/webaktid.nsf/web/viited/VOLO2015031900186"	"PlanS"
"http://info.raad.tartu.ee/webaktid.nsf/web/viited/VOLO2015031900185"	"PlanS"
"http://info.raad.tartu.ee/webaktid.nsf/web/viited/VOLO2015031900184"	"PlanS"
"http://info.raad.tartu.ee/webaktid.nsf/web/viited/VOLO2015031900183"	"PlanS"
"http://info.raad.tartu.ee/webaktid.nsf/web/viited/VOLO2015021900178"	"PlanS"
"http://info.raad.tartu.ee/webaktid.nsf/web/viited/VOLO2015021900177"	"PlanS"
"http://info.raad.tartu.ee/webaktid.nsf/web/viited/VOLO2015021900176"	"PlanS LKS"
"http://info.raad.tartu.ee/webaktid.nsf/web/viited/VOLO2015021900174"	"PGS"
"http://info.raad.tartu.ee/webaktid.nsf/web/viited/VOLO2015012200172"	"TuMS VÕS"
"http://info.raad.tartu.ee/webaktid.nsf/web/viited/VOLO2015012200168"	"MaaKatS"
"http://info.raad.tartu.ee/webaktid.nsf/web/viited/VOLO2015012200167"	"PlanS"
"http://info.raad.tartu.ee/webaktid.nsf/web/viited/VOLO2015012200166"	"PlanS"
"http://info.raad.tartu.ee/webaktid.nsf/web/viited/VOLO2015012200165"	"PlanS"
"http://info.raad.tartu.ee/webaktid.nsf/web/viited/VOLO2014121800160"	"PlanS"
"http://info.raad.tartu.ee/webaktid.nsf/web/viited/VOLO2014121800159"	"PlanS"
"http://info.raad.tartu.ee/webaktid.nsf/web/viited/VOLO2014121800158"	"PlanS"
"http://info.raad.tartu.ee/webaktid.nsf/web/viited/VOLO2014121800157"	"PlanS"
"http://info.raad.tartu.ee/webaktid.nsf/web/viited/VOLO2014120400152"	"PlanS"
"http://info.raad.tartu.ee/webaktid.nsf/web/viited/VOLO2014120400151"	"PlanS"
"http://info.raad.tartu.ee/webaktid.nsf/web/viited/VOLO2014120400150"	"PlanS"
"http://info.raad.tartu.ee/webaktid.nsf/web/viited/VOLO2014120400149"	"PlanS"
"http://info.raad.tartu.ee/webaktid.nsf/web/viited/VOLO2014111300144"	"PlanS"
"http://info.raad.tartu.ee/webaktid.nsf/web/viited/VOLO2014111300143"	"PlanS LKS"
"http://info.raad.tartu.ee/webaktid.nsf/web/viited/VOLO2014111300142"	"PlanS"
"http://info.raad.tartu.ee/webaktid.nsf/web/viited/VOLO2014111300141"	"PlanS"
"http://info.raad.tartu.ee/webaktid.nsf/web/viited/VOLO2014111300140"	"PlanS"
"http://info.raad.tartu.ee/webaktid.nsf/web/viited/VOLO2014111300139"	"PlanS"
"http://info.raad.tartu.ee/webaktid.nsf/web/viited/VOLO2014101600128"	"PlanS"
"http://info.raad.tartu.ee/webaktid.nsf/web/viited/VOLO2014101600127"	"PlanS"
"http://info.raad.tartu.ee/webaktid.nsf/web/viited/VOLO2014101600126"	"PlanS"
"http://info.raad.tartu.ee/webaktid.nsf/web/viited/VOLO2014101600125"	"PlanS"
"http://info.raad.tartu.ee/webaktid.nsf/web/viited/VOLO2014101600124"	"PlanS"
"http://info.raad.tartu.ee/webaktid.nsf/web/viited/VOLO2014091800117"	"LS KorS"
"http://info.raad.tartu.ee/webaktid.nsf/web/viited/VOLO2014091800115"	"JäätS"
"http://info.raad.tartu.ee/webaktid.nsf/web/viited/VOLO2014091800114"	"PlanS"
"http://info.raad.tartu.ee/webaktid.nsf/web/viited/VOLO2014091800113"	"PlanS"
"http://info.raad.tartu.ee/webaktid.nsf/web/viited/VOLO2014091800112"	"PlanS"
"http://info.raad.tartu.ee/webaktid.nsf/web/viited/VOLO2014091800111"	"PlanS"
"http://info.raad.tartu.ee/webaktid.nsf/web/viited/VOLO2014091800110"	"PlanS"
"http://info.raad.tartu.ee/webaktid.nsf/web/viited/VOLO2014062600109"	"PlanS"
"http://info.raad.tartu.ee/webaktid.nsf/web/viited/VOLO2014062600108"	"PlanS"
"http://info.raad.tartu.ee/webaktid.nsf/web/viited/VOLO2014062600107"	"PlanS"
"http://info.raad.tartu.ee/webaktid.nsf/web/viited/VOLO2014062600106"	"PlanS"
"http://info.raad.tartu.ee/webaktid.nsf/web/viited/VOLO2014062600105"	"PlanS"
"http://info.raad.tartu.ee/webaktid.nsf/web/viited/VOLO2014062600104"	"PlanS"
"http://info.raad.tartu.ee/webaktid.nsf/web/viited/VOLO2014062600103"	"PlanS"
"http://info.raad.tartu.ee/webaktid.nsf/web/viited/VOLO2014062600096"	"PGS"
"http://info.raad.tartu.ee/webaktid.nsf/web/viited/VOLO2014061200086"	"PlanS"
"http://info.raad.tartu.ee/webaktid.nsf/web/viited/VOLO2014061200085"	"PlanS"
"http://info.raad.tartu.ee/webaktid.nsf/web/viited/VOLO2014061200084"	"PlanS"
"http://info.raad.tartu.ee/webaktid.nsf/web/viited/VOLO2014061200083"	"PlanS"
"http://info.raad.tartu.ee/webaktid.nsf/web/viited/VOLO2014052200079"	"PlanS"
"http://info.raad.tartu.ee/webaktid.nsf/web/viited/VOLO2014052200078"	"PlanS"
"http://info.raad.tartu.ee/webaktid.nsf/web/viited/VOLO2014052200077"	"PlanS"
"http://info.raad.tartu.ee/webaktid.nsf/web/viited/VOLO2014042400069"	"MuKS"
"http://info.raad.tartu.ee/webaktid.nsf/web/viited/VOLO2014042400068"	"PlanS"
"http://info.raad.tartu.ee/webaktid.nsf/web/viited/VOLO2014032000062"	"ÜTS"
"http://info.raad.tartu.ee/webaktid.nsf/web/viited/VOLO2014032000059"	"JäätS"
"http://info.raad.tartu.ee/webaktid.nsf/web/viited/VOLO2014032000058"	"PlanS"
"http://info.raad.tartu.ee/webaktid.nsf/web/viited/VOLO2014032000057"	"PlanS"
"http://info.raad.tartu.ee/webaktid.nsf/web/viited/VOLO2014032000056"	"PlanS"
"http://info.raad.tartu.ee/webaktid.nsf/web/viited/VOLO2014032000055"	"PlanS"
"http://info.raad.tartu.ee/webaktid.nsf/web/viited/VOLO2014022000053"	"ÄS"
"http://info.raad.tartu.ee/webaktid.nsf/web/viited/VOLO2014022000047"	"PlanS"
"http://info.raad.tartu.ee/webaktid.nsf/web/viited/VOLO2014022000046"	"PlanS"
"http://info.raad.tartu.ee/webaktid.nsf/web/viited/VOLO2014022000045"	"PlanS"
"http://info.raad.tartu.ee/webaktid.nsf/web/viited/VOLO2014022000044"	"PlanS"
"http://info.raad.tartu.ee/webaktid.nsf/web/viited/VOLO2014022000043"	"PlanS"
"http://info.raad.tartu.ee/webaktid.nsf/web/viited/VOLO2014012300030"	"PlanS"
"http://info.raad.tartu.ee/webaktid.nsf/web/viited/VOLO2014012300029"	"PlanS"
"http://info.raad.tartu.ee/webaktid.nsf/web/viited/VOLO2013120500011"	"PlanS"
"http://info.raad.tartu.ee/webaktid.nsf/web/viited/VOLO2013120500010"	"PlanS"
"http://info.raad.tartu.ee/webaktid.nsf/web/gpunid/G1654B2C00F30D3E4C2257FE3001FB7AF?OpenDocument"	"KonkS SpS"
"http://info.raad.tartu.ee/webaktid.nsf/web/gpunid/G6145DD21822BFFB5C2257FE3001FA234?OpenDocument"	"PGS"
"http://info.raad.tartu.ee/webaktid.nsf/web/gpunid/GD2AC9C3CAC185806C2257FE3001F99CC?OpenDocument"	"PGS"
"http://info.raad.tartu.ee/webaktid.nsf/web/gpunid/G99AB71CEA719D30AC2257FE3001F87A9?OpenDocument"	"EraKS"
"http://info.raad.tartu.ee/webaktid.nsf/web/gpunid/GDD6D82D18F77328AC2257FCE001F8466?OpenDocument"	"KorS AS"
"http://info.raad.tartu.ee/webaktid.nsf/web/gpunid/GCCFA601FED61813CC2257F96001C1146?OpenDocument"	"PlanS AÕS"
"http://info.raad.tartu.ee/webaktid.nsf/web/gpunid/GB6AD00D4F215D67FC2257F7A002349B2?OpenDocument"	"ES"
"http://info.raad.tartu.ee/webaktid.nsf/web/gpunid/G35CF135E48C17A43C2257F7A00234211?OpenDocument"	"ES LasteKS"
"http://info.raad.tartu.ee/webaktid.nsf/web/gpunid/G66CC417987EE6C1DC2257F5E0024AA00?OpenDocument"	"TKS"
"http://info.raad.tartu.ee/webaktid.nsf/web/gpunid/GB1823BE7409CB62BC2257F5E0024988E?OpenDocument"	"TKS"
"http://info.raad.tartu.ee/webaktid.nsf/web/gpunid/GBDF85FDD69A35742C2257F5E00248B6E?OpenDocument"	"PGS"
"http://info.raad.tartu.ee/webaktid.nsf/web/gpunid/GC2257ED20030C63DC2257F1F00222C2E?OpenDocument"	"LS"
"http://info.raad.tartu.ee/webaktid.nsf/web/gpunid/GC2257ED20030C63DC2257F11002204EF?OpenDocument"	"RLS"
"http://info.raad.tartu.ee/webaktid.nsf/web/gpunid/GC2257ED20030C63DC2257EFC0020DB8A?OpenDocument"	"MaaMS"
"http://info.raad.tartu.ee/webaktid.nsf/web/gpunid/GC2257ED20030C63DC2257EC400203501?OpenDocument"	"TuMS"
"http://info.raad.tartu.ee/webaktid.nsf/web/gpunid/GC2257ED20030C63DC2257EC400202C44?OpenDocument"	"TuMS"
"http://info.raad.tartu.ee/webaktid.nsf/web/gpunid/GC2257ED20030C63DC2257EC4001FC160?OpenDocument"	"EhS RekS"
"http://info.raad.tartu.ee/webaktid.nsf/web/gpunid/GC2257ED20030C63DC2257EC4001FA175?OpenDocument"	"LS"
"http://info.raad.tartu.ee/webaktid.nsf/web/gpunid/GC2257ED20030C63DC2257EC4001F9828?OpenDocument"	"EhS"
"http://info.raad.tartu.ee/webaktid.nsf/web/gpunid/GC2257ED20030C63DC2257E70001D8996?OpenDocument"	"EhS"
"http://info.raad.tartu.ee/webaktid.nsf/web/gpunid/GC2257ED20030C63DC2257E70001D7F80?OpenDocument"	"EhS"
"http://info.raad.tartu.ee/webaktid.nsf/web/gpunid/GC2257ED20030C63DC2257E70001D7485?OpenDocument"	"ÜTS"
"http://info.raad.tartu.ee/webaktid.nsf/web/gpunid/GC2257ED20030C63DC2257E70001D6D42?OpenDocument"	"ÜTS VÕS"
"http://info.raad.tartu.ee/webaktid.nsf/web/gpunid/GC2257ED20030C63DC2257E70001D6629?OpenDocument"	"ÜTS"
"http://info.raad.tartu.ee/webaktid.nsf/web/gpunid/GC2257ED20030C63DC2257E70001D5CC4?OpenDocument"	"LS"
"http://info.raad.tartu.ee/webaktid.nsf/web/gpunid/GC2257ED20030C63DC2257E70001CA350?OpenDocument"	"TuMS"
"http://info.raad.tartu.ee/webaktid.nsf/web/gpunid/GC2257ED20030C63DC2257E70001C8E82?OpenDocument"	"PGS"
"http://info.raad.tartu.ee/webaktid.nsf/web/gpunid/GC2257ED20030C63DC2257E4D001E477C?OpenDocument"	"ES VÕS"
"http://info.raad.tartu.ee/webaktid.nsf/web/gpunid/GC2257ED20030C63DC2257E4D001E3E71?OpenDocument"	"LasteKS"
"http://info.raad.tartu.ee/webaktid.nsf/web/gpunid/GC2257ED20030C63DC2257E4D001E1B7C?OpenDocument"	"KNS"
"http://info.raad.tartu.ee/webaktid.nsf/web/gpunid/GC2257ED20030C63DC2257E4D001E0C45?OpenDocument"	"LoKS"
"http://info.raad.tartu.ee/webaktid.nsf/web/gpunid/GC2257ED20030C63DC2257E4D001D7FF5?OpenDocument"	"EhS"
"http://info.raad.tartu.ee/webaktid.nsf/web/gpunid/GC2257ED20030C63DC2257E2A001FDB10?OpenDocument"	"RLS"
"http://info.raad.tartu.ee/webaktid.nsf/web/gpunid/GC2257ED20030C63DC2257E2A001F8777?OpenDocument"	"LS"
"http://info.raad.tartu.ee/webaktid.nsf/web/gpunid/GC2257ED20030C63DC2257E0E0023E0E0?OpenDocument"	"PGS"
"http://info.raad.tartu.ee/webaktid.nsf/web/gpunid/GC2257ED20030C63DC2257E0E0023C72C?OpenDocument"	"KorS AS"
"http://info.raad.tartu.ee/webaktid.nsf/web/gpunid/GC2257ED20030C63DC2257E0E0023BE3E?OpenDocument"	"KNS"
"http://info.raad.tartu.ee/webaktid.nsf/web/gpunid/GC2257ED20030C63DC2257E0E00239DFA?OpenDocument"	"MuKS"
"http://info.raad.tartu.ee/webaktid.nsf/web/gpunid/GC2257ED20030C63DC2257DF20021E613?OpenDocument"	"TuMS"
"http://info.raad.tartu.ee/webaktid.nsf/web/gpunid/GC2257ED20030C63DC2257DD60023062E?OpenDocument"	"KNS"
"http://info.raad.tartu.ee/webaktid.nsf/web/gpunid/GC2257ED20030C63DC2257DB3002408F5?OpenDocument"	"JäätS"
"http://info.raad.tartu.ee/webaktid.nsf/web/gpunid/GC2257ED20030C63DC2257DB30023F18D?OpenDocument"	"MaaMS"
"http://info.raad.tartu.ee/webaktid.nsf/web/gpunid/GC2257ED20030C63DC2257DA5002321BE?OpenDocument"	"MuKS"
"http://info.raad.tartu.ee/webaktid.nsf/web/gpunid/GC2257ED20030C63DC2257D74001DEAA6?OpenDocument"	"PKS"
"http://info.raad.tartu.ee/webaktid.nsf/web/gpunid/GC2257ED20030C63DC2257D58001CB11E?OpenDocument"	"KNS"
"http://info.raad.tartu.ee/webaktid.nsf/web/gpunid/GC2257ED20030C63DC2257D58001CAA6B?OpenDocument"	"KNS"
"http://info.raad.tartu.ee/webaktid.nsf/web/gpunid/GC2257ED20030C63DC2257D58001CA0F2?OpenDocument"	"KNS"
"http://info.raad.tartu.ee/webaktid.nsf/web/gpunid/GC2257ED20030C63DC2257D58001C997B?OpenDocument"	"KNS"
"http://info.raad.tartu.ee/webaktid.nsf/web/gpunid/GC2257ED20030C63DC2257D58001C612D?OpenDocument"	"KorS"
"http://info.raad.tartu.ee/webaktid.nsf/web/gpunid/GC2257ED20030C63DC2257D58001C38C2?OpenDocument"	"ÜVVKS"
"http://info.raad.tartu.ee/webaktid.nsf/web/gpunid/GC2257ED20030C63DC2257D58001C2C82?OpenDocument"	"LKS JäätS"
"http://info.raad.tartu.ee/webaktid.nsf/web/gpunid/GC2257ED20030C63DC2257D58001C1254?OpenDocument"	"TubS KorS"
"http://info.raad.tartu.ee/webaktid.nsf/web/gpunid/GC2257ED20030C63DC2257D04001B38EC?OpenDocument"	"KorS"
"http://info.raad.tartu.ee/webaktid.nsf/web/gpunid/GC2257ED20030C63DC2257D04001B10F1?OpenDocument"	"KorS"
"http://info.raad.tartu.ee/webaktid.nsf/web/gpunid/GC2257ED20030C63DC2257D04001B0866?OpenDocument"	"JäätS LKS KorS"
"http://info.raad.tartu.ee/webaktid.nsf/web/gpunid/GC2257ED20030C63DC2257D04001ADA11?OpenDocument"	"PGS"
"http://info.raad.tartu.ee/webaktid.nsf/web/gpunid/GC2257ED20030C63DC2257D04001AC80E?OpenDocument"	"PGS"
"http://info.raad.tartu.ee/webaktid.nsf/web/gpunid/GC2257ED20030C63DC2257D04001AAD36?OpenDocument"	"EraKS"
"http://info.raad.tartu.ee/webaktid.nsf/web/gpunid/GC2257ED20030C63DC2257CF6001E043D?OpenDocument"	"PGS"
"http://info.raad.tartu.ee/webaktid.nsf/web/gpunid/GC2257ED20030C63DC2257CE1001B8DC5?OpenDocument"	"PGS"
"http://info.raad.tartu.ee/webaktid.nsf/web/gpunid/GC2257ED20030C63DC2257CE1001B8601?OpenDocument"	"PGS"
"http://info.raad.tartu.ee/webaktid.nsf/web/gpunid/GC2257ED20030C63DC2257CE1001B7EF7?OpenDocument"	"PGS"
"http://info.raad.tartu.ee/webaktid.nsf/web/gpunid/GC2257ED20030C63DC2257CC5001C3C56?OpenDocument"	"PGS"
"http://info.raad.tartu.ee/webaktid.nsf/web/gpunid/GC2257ED20030C63DC2257CA200232A13?OpenDocument"	"KNS"
"http://info.raad.tartu.ee/webaktid.nsf/web/gpunid/GC2257ED20030C63DC2257CA20023187C?OpenDocument"	"PGS"
"http://info.raad.tartu.ee/webaktid.nsf/web/gpunid/GC2257DD200719704C2257C4700266C5C?OpenDocument"	"PlanS LKS EhS VeeS AÕS MaaKatS"
"http://info.raad.tartu.ee/webaktid.nsf/web/gpunid/GC2257DD200719704C2257C4700265092?OpenDocument"	"PGS"
"http://info.raad.tartu.ee/webaktid.nsf/web/gpunid/GC2257DD200719704C2257C470026396D?OpenDocument"	"MaaMS"
"http://info.raad.tartu.ee/webaktid.nsf/web/gpunid/GC2257DD200719704C2257C39002375D4?OpenDocument"	"RekS"
"http://info.raad.tartu.ee/webaktid.nsf/web/gpunid/GE32A55B65A354A18C2258030001A2AD8?OpenDocument"	"MaaKatS"
"http://info.raad.tartu.ee/webaktid.nsf/web/gpunid/GA392DA983EAD85BDC2258030001A22AD?OpenDocument"	"MaaKatS"
"http://info.raad.tartu.ee/webaktid.nsf/web/gpunid/G084E8C484D7D4CC2C2258030001997D1?OpenDocument"	"PlanS"
"http://info.raad.tartu.ee/webaktid.nsf/web/gpunid/G17262E4E6C229D49C22580300019848F?OpenDocument"	"PlanS LKS"
"http://info.raad.tartu.ee/webaktid.nsf/web/gpunid/G49C7FD51A273EA93C225803000197817?OpenDocument"	"PlanS"
"http://info.raad.tartu.ee/webaktid.nsf/web/gpunid/GFB6E8FE79562E546C2257FE3001FAA77?OpenDocument"	"PGS"
"http://info.raad.tartu.ee/webaktid.nsf/web/gpunid/GDAC040C632DE5654C2257FE3001F5F72?OpenDocument"	"ÜTS"
"http://info.raad.tartu.ee/webaktid.nsf/web/gpunid/G51D53E6CBCB6CC65C2257FE3001F52F5?OpenDocument"	"MaaKatS"
"http://info.raad.tartu.ee/webaktid.nsf/web/gpunid/G2621810B0A35F375C2257FE3001F4AD0?OpenDocument"	"PlanS"
"http://info.raad.tartu.ee/webaktid.nsf/web/gpunid/G62CAAD6B62298183C2257FE3001F40DC?OpenDocument"	"PlanS"
"http://info.raad.tartu.ee/webaktid.nsf/web/gpunid/G44A2F3D86A41BF50C2257FE3001F389A?OpenDocument"	"PlanS"
"http://info.raad.tartu.ee/webaktid.nsf/web/gpunid/G11B271FC66B991AEC2257FE3001F2FAE?OpenDocument"	"PlanS"
"http://info.raad.tartu.ee/webaktid.nsf/web/gpunid/G533513B3611D3A1FC2257FE3001F2638?OpenDocument"	"PlanS"
"http://info.raad.tartu.ee/webaktid.nsf/web/gpunid/G20EAC8178449C0C6C2257FCE001F0F7E?OpenDocument"	"PGS"
"http://info.raad.tartu.ee/webaktid.nsf/web/gpunid/G21E21C46793632D6C2257FCE001E8C4D?OpenDocument"	"PlanS"
"http://info.raad.tartu.ee/webaktid.nsf/web/gpunid/G4F01617F268736FAC2257FCE001E83FF?OpenDocument"	"PlanS"
"http://info.raad.tartu.ee/webaktid.nsf/web/gpunid/GB1EFDDD0CBB3AD97C2257FB2001EDA93?OpenDocument"	"MaaKatS"
"http://info.raad.tartu.ee/webaktid.nsf/web/gpunid/GEC8BD7007E38546FC2257FB2001ECFE5?OpenDocument"	"MaaKatS"
"http://info.raad.tartu.ee/webaktid.nsf/web/gpunid/G20802C0BDD915F93C2257FB2001EA924?OpenDocument"	"PlanS"
"http://info.raad.tartu.ee/webaktid.nsf/web/gpunid/GF5F97C32D631C6EFC2257FB2001EA156?OpenDocument"	"PlanS LKS"
"http://info.raad.tartu.ee/webaktid.nsf/web/gpunid/G0F1C6A4C43075989C2257FB2001E998E?OpenDocument"	"PlanS"
"http://info.raad.tartu.ee/webaktid.nsf/web/gpunid/G3B34308D25C5F994C2257FB2001E910E?OpenDocument"	"PlanS"
"http://info.raad.tartu.ee/webaktid.nsf/web/gpunid/GEAD919DC3D1EE426C2257FB2001E86FF?OpenDocument"	"PlanS"
"http://info.raad.tartu.ee/webaktid.nsf/web/gpunid/G8B2A3CB457AC93D1C2257F96001B71EE?OpenDocument"	"LasteKS"
"http://info.raad.tartu.ee/webaktid.nsf/web/gpunid/G6D37A8E5FA4E206CC2257F96001B6709?OpenDocument"	"PlanS"
"http://info.raad.tartu.ee/webaktid.nsf/web/gpunid/GEC23ECAADEC72B26C2257F96001B5E4F?OpenDocument"	"PlanS"
"http://info.raad.tartu.ee/webaktid.nsf/web/gpunid/GBD296E9E2BA84953C2257F96001B5533?OpenDocument"	"PlanS"
"http://info.raad.tartu.ee/webaktid.nsf/web/gpunid/G4D3BF2DEE267A272C2257F96001B4B2D?OpenDocument"	"PlanS"
"http://info.raad.tartu.ee/webaktid.nsf/web/gpunid/GB79402E98C0BE86FC2257F96001B396E?OpenDocument"	"PlanS"
"http://info.raad.tartu.ee/webaktid.nsf/web/gpunid/G18A441592B7E9FF5C2257F96001B2FDB?OpenDocument"	"PlanS"
"http://info.raad.tartu.ee/webaktid.nsf/web/gpunid/G280DCA0512CD445EC2257F96001B26AF?OpenDocument"	"PlanS"
"http://info.raad.tartu.ee/webaktid.nsf/web/gpunid/G151490A71B01DCE8C2257F96001B1E29?OpenDocument"	"PlanS"
"http://info.raad.tartu.ee/webaktid.nsf/web/gpunid/G830402A8A47B8EB5C2257F96001B1548?OpenDocument"	"PlanS"
"http://info.raad.tartu.ee/webaktid.nsf/web/gpunid/G722EF5F1A4995273C2257F7A00233522?OpenDocument"	"PlanS"
"http://info.raad.tartu.ee/webaktid.nsf/web/gpunid/G43B19E86BB3F2941C2257F7A00232ADF?OpenDocument"	"PlanS"
"http://info.raad.tartu.ee/webaktid.nsf/web/gpunid/GF96DF62FA5E828CCC2257F7A002324E2?OpenDocument"	"PlanS"
"http://info.raad.tartu.ee/webaktid.nsf/web/gpunid/GC2257ED20030C63DC2257F5E0024BC0C?OpenDocument"	"KNS"
"http://info.raad.tartu.ee/webaktid.nsf/web/gpunid/GC2257ED20030C63DC2257F5E0024B334?OpenDocument"	"KNS"
"http://info.raad.tartu.ee/webaktid.nsf/web/gpunid/G90BCEDFC75213545C2257F5E00245D59?OpenDocument"	"PlanS"
"http://info.raad.tartu.ee/webaktid.nsf/web/gpunid/GDA7332765B79BA45C2257F5E002454A7?OpenDocument"	"PlanS KutS"
"http://info.raad.tartu.ee/webaktid.nsf/web/gpunid/GCC48D20A52CC5C7DC2257F5E00244C61?OpenDocument"	"LKS PlanS"
"http://info.raad.tartu.ee/webaktid.nsf/web/gpunid/GC2257ED20030C63DC2257F420023B4AC?OpenDocument"	"KNS"
"http://info.raad.tartu.ee/webaktid.nsf/web/gpunid/G3E4DEEDE4A719BAAC2257F4200238F2F?OpenDocument"	"PlanS"
"http://info.raad.tartu.ee/webaktid.nsf/web/gpunid/G71F7D48503E29017C2257F4200238591?OpenDocument"	"PlanS"
"http://info.raad.tartu.ee/webaktid.nsf/web/gpunid/G95594B25B48C6BF1C2257F4200237D69?OpenDocument"	"PlanS"
"http://info.raad.tartu.ee/webaktid.nsf/web/gpunid/G5D15362A7C7F70ECC2257F42002373D4?OpenDocument"	"PlanS"
"http://info.raad.tartu.ee/webaktid.nsf/web/gpunid/G952B504BB0B04EFAC2257F4200236B8A?OpenDocument"	"PlanS"
"http://info.raad.tartu.ee/webaktid.nsf/web/gpunid/GC2257ED20030C63DC2257F1F002266CC?OpenDocument"	"KOS"
"http://info.raad.tartu.ee/webaktid.nsf/web/gpunid/GC2257ED20030C63DC2257F1F0022492E?OpenDocument"	"LS"
"http://info.raad.tartu.ee/webaktid.nsf/web/gpunid/GC2257ED20030C63DC2257F1100220DE4?OpenDocument"	"KNS"
"http://info.raad.tartu.ee/webaktid.nsf/web/gpunid/GC2257ED20030C63DC2257F110021F286?OpenDocument"	"EhS"
"http://info.raad.tartu.ee/webaktid.nsf/web/gpunid/GC2257ED20030C63DC2257F110021A920?OpenDocument"	"PlanS"
"http://info.raad.tartu.ee/webaktid.nsf/web/gpunid/GC2257ED20030C63DC2257F110021A158?OpenDocument"	"PlanS"
"http://info.raad.tartu.ee/webaktid.nsf/web/gpunid/GC2257ED20030C63DC2257F110021998E?OpenDocument"	"PlanS"
"http://info.raad.tartu.ee/webaktid.nsf/web/gpunid/GC2257ED20030C63DC2257F110021905A?OpenDocument"	"PlanS"
"http://info.raad.tartu.ee/webaktid.nsf/web/gpunid/GC2257ED20030C63DC2257EFC0020ECFF?OpenDocument"	"KNS"
"http://info.raad.tartu.ee/webaktid.nsf/web/gpunid/GC2257ED20030C63DC2257EFC0020D33D?OpenDocument"	"TuMS VÕS"
"http://info.raad.tartu.ee/webaktid.nsf/web/gpunid/GC2257ED20030C63DC2257EFC0020AC64?OpenDocument"	"LS"
"http://info.raad.tartu.ee/webaktid.nsf/web/gpunid/GC2257ED20030C63DC2257EFC0020A294?OpenDocument"	"PlanS"
"http://info.raad.tartu.ee/webaktid.nsf/web/gpunid/GC2257ED20030C63DC2257EFC00209AFB?OpenDocument"	"PlanS"
"http://info.raad.tartu.ee/webaktid.nsf/web/gpunid/GC2257ED20030C63DC2257EFC002092E0?OpenDocument"	"PlanS"
"http://info.raad.tartu.ee/webaktid.nsf/web/gpunid/GC2257ED20030C63DC2257EFC00208A87?OpenDocument"	"PlanS"
"http://info.raad.tartu.ee/webaktid.nsf/web/gpunid/GC2257ED20030C63DC2257EFC0020832F?OpenDocument"	"PlanS"
"http://info.raad.tartu.ee/webaktid.nsf/web/gpunid/GC2257ED20030C63DC2257EFC00207929?OpenDocument"	"PlanS"
"http://info.raad.tartu.ee/webaktid.nsf/web/gpunid/GC2257ED20030C63DC2257EE0001C1AAE?OpenDocument"	"PlanS"
"http://info.raad.tartu.ee/webaktid.nsf/web/gpunid/GC2257ED20030C63DC2257EE0001C12A6?OpenDocument"	"PlanS"
"http://info.raad.tartu.ee/webaktid.nsf/web/gpunid/GC2257ED20030C63DC2257EE0001C0A72?OpenDocument"	"PlanS LKS"
"http://info.raad.tartu.ee/webaktid.nsf/web/gpunid/GC2257ED20030C63DC2257EC400203DAC?OpenDocument"	"KNS"
"http://info.raad.tartu.ee/webaktid.nsf/web/gpunid/GC2257ED20030C63DC2257EC4002023F9?OpenDocument"	"ÜTS"
"http://info.raad.tartu.ee/webaktid.nsf/web/gpunid/GC2257ED20030C63DC2257EC4001F8330?OpenDocument"	"PlanS"
"http://info.raad.tartu.ee/webaktid.nsf/web/gpunid/GC2257ED20030C63DC2257EC4001F791C?OpenDocument"	"PlanS"
"http://info.raad.tartu.ee/webaktid.nsf/web/gpunid/GC2257ED20030C63DC2257EC4001F6E55?OpenDocument"	"PlanS"
"http://info.raad.tartu.ee/webaktid.nsf/web/gpunid/GC2257ED20030C63DC2257EC4001F65CF?OpenDocument"	"PlanS"
"http://info.raad.tartu.ee/webaktid.nsf/web/gpunid/GC2257ED20030C63DC2257EC4001F5C62?OpenDocument"	"PlanS"
"http://info.raad.tartu.ee/webaktid.nsf/web/gpunid/GC2257ED20030C63DC2257E70001D9B38?OpenDocument"	"ES"
"http://info.raad.tartu.ee/webaktid.nsf/web/gpunid/GC2257ED20030C63DC2257E70001D50E2?OpenDocument"	"PlanS"
"http://info.raad.tartu.ee/webaktid.nsf/web/gpunid/GC2257ED20030C63DC2257E70001D47E6?OpenDocument"	"PlanS"
"http://info.raad.tartu.ee/webaktid.nsf/web/gpunid/GC2257ED20030C63DC2257E70001D3F6F?OpenDocument"	"PlanS"
"http://info.raad.tartu.ee/webaktid.nsf/web/gpunid/GC2257ED20030C63DC2257E70001D3712?OpenDocument"	"PlanS"
"http://info.raad.tartu.ee/webaktid.nsf/web/gpunid/GC2257ED20030C63DC2257E70001D2DD7?OpenDocument"	"PlanS"
"http://info.raad.tartu.ee/webaktid.nsf/web/gpunid/GC2257ED20030C63DC2257E70001D2554?OpenDocument"	"PlanS"
"http://info.raad.tartu.ee/webaktid.nsf/web/gpunid/GC2257ED20030C63DC2257E70001D1C01?OpenDocument"	"PlanS LKS"
"http://info.raad.tartu.ee/webaktid.nsf/web/gpunid/GC2257ED20030C63DC2257E70001D1301?OpenDocument"	"PlanS"
"http://info.raad.tartu.ee/webaktid.nsf/web/gpunid/GC2257ED20030C63DC2257E70001D07B1?OpenDocument"	"PlanS"
"http://info.raad.tartu.ee/webaktid.nsf/web/gpunid/GC2257ED20030C63DC2257E70001CFF49?OpenDocument"	"PlanS"
"http://info.raad.tartu.ee/webaktid.nsf/web/gpunid/GC2257ED20030C63DC2257E70001C989B?OpenDocument"	"PGS"
"http://info.raad.tartu.ee/webaktid.nsf/web/gpunid/GC2257ED20030C63DC2257E4D001DDFA5?OpenDocument"	"PlanS"
"http://info.raad.tartu.ee/webaktid.nsf/web/gpunid/GC2257ED20030C63DC2257E4D001DD4CB?OpenDocument"	"PlanS"
"http://info.raad.tartu.ee/webaktid.nsf/web/gpunid/GC2257ED20030C63DC2257E4D001DC54D?OpenDocument"	"PlanS"
"http://info.raad.tartu.ee/webaktid.nsf/web/gpunid/GC2257ED20030C63DC2257E4D001DBBC8?OpenDocument"	"PlanS"
"http://info.raad.tartu.ee/webaktid.nsf/web/gpunid/GC2257ED20030C63DC2257E4D001DB099?OpenDocument"	"PlanS"
"http://info.raad.tartu.ee/webaktid.nsf/web/gpunid/GC2257ED20030C63DC2257E4D001DA53F?OpenDocument"	"PlanS"
"http://info.raad.tartu.ee/webaktid.nsf/web/gpunid/GC2257ED20030C63DC2257E4D001D9921?OpenDocument"	"PlanS"
"http://info.raad.tartu.ee/webaktid.nsf/web/gpunid/GC2257ED20030C63DC2257E4D001D328C?OpenDocument"	"ELTS"
"http://info.raad.tartu.ee/webaktid.nsf/web/gpunid/GC2257ED20030C63DC2257E2A001FBA29?OpenDocument"	"LKS PlanS VeeS"
"http://info.raad.tartu.ee/webaktid.nsf/web/gpunid/GC2257ED20030C63DC2257E2A001FB146?OpenDocument"	"PlanS"
"http://info.raad.tartu.ee/webaktid.nsf/web/gpunid/GC2257ED20030C63DC2257E2A001FAA3C?OpenDocument"	"PlanS"
"http://info.raad.tartu.ee/webaktid.nsf/web/gpunid/GC2257ED20030C63DC2257E2A001F9E2F?OpenDocument"	"PlanS"
"http://info.raad.tartu.ee/webaktid.nsf/web/gpunid/GC2257ED20030C63DC2257E2A001F6B7A?OpenDocument"	"ÜTS"
"http://info.raad.tartu.ee/webaktid.nsf/web/gpunid/GC2257ED20030C63DC2257E0E002394EA?OpenDocument"	"PlanS"
"http://info.raad.tartu.ee/webaktid.nsf/web/gpunid/GC2257ED20030C63DC2257E0E00238A9B?OpenDocument"	"PlanS"
"http://info.raad.tartu.ee/webaktid.nsf/web/gpunid/GC2257ED20030C63DC2257E0E0023822D?OpenDocument"	"PlanS"
"http://info.raad.tartu.ee/webaktid.nsf/web/gpunid/GC2257ED20030C63DC2257E0E0023791F?OpenDocument"	"PlanS"
"http://info.raad.tartu.ee/webaktid.nsf/web/gpunid/GC2257ED20030C63DC2257E0E00236EA8?OpenDocument"	"PlanS"
"http://info.raad.tartu.ee/webaktid.nsf/web/gpunid/GC2257ED20030C63DC2257E0E0023641C?OpenDocument"	"PlanS"
"http://info.raad.tartu.ee/webaktid.nsf/web/gpunid/GC2257ED20030C63DC2257E0E002357B4?OpenDocument"	"PlanS"
"http://info.raad.tartu.ee/webaktid.nsf/web/gpunid/GC2257ED20030C63DC2257DF20021FE78?OpenDocument"	"PlanS"
"http://info.raad.tartu.ee/webaktid.nsf/web/gpunid/GC2257ED20030C63DC2257DF20021F605?OpenDocument"	"PlanS"
"http://info.raad.tartu.ee/webaktid.nsf/web/gpunid/GC2257ED20030C63DC2257DF20021EDA6?OpenDocument"	"LKS PlanS"
"http://info.raad.tartu.ee/webaktid.nsf/web/gpunid/GC2257ED20030C63DC2257DF20021A210?OpenDocument"	"PGS"
"http://info.raad.tartu.ee/webaktid.nsf/web/gpunid/GC2257ED20030C63DC2257DD600232CF6?OpenDocument"	"TuMS ÄS VÕS"
"http://info.raad.tartu.ee/webaktid.nsf/web/gpunid/GC2257ED20030C63DC2257DD60022FE62?OpenDocument"	"MaaKatS"
"http://info.raad.tartu.ee/webaktid.nsf/web/gpunid/GC2257ED20030C63DC2257DD60022EFD7?OpenDocument"	"PlanS"
"http://info.raad.tartu.ee/webaktid.nsf/web/gpunid/GC2257ED20030C63DC2257DD60022E7E5?OpenDocument"	"PlanS"
"http://info.raad.tartu.ee/webaktid.nsf/web/gpunid/GC2257ED20030C63DC2257DD60022E074?OpenDocument"	"PlanS"
"http://info.raad.tartu.ee/webaktid.nsf/web/gpunid/GC2257ED20030C63DC2257DB30023EA22?OpenDocument"	"PlanS"
"http://info.raad.tartu.ee/webaktid.nsf/web/gpunid/GC2257ED20030C63DC2257DB30023E20C?OpenDocument"	"PlanS"
"http://info.raad.tartu.ee/webaktid.nsf/web/gpunid/GC2257ED20030C63DC2257DB30023DA2B?OpenDocument"	"PlanS"
"http://info.raad.tartu.ee/webaktid.nsf/web/gpunid/GC2257ED20030C63DC2257DB30023D103?OpenDocument"	"PlanS"
"http://info.raad.tartu.ee/webaktid.nsf/web/gpunid/GC2257ED20030C63DC2257DA500231746?OpenDocument"	"PlanS"
"http://info.raad.tartu.ee/webaktid.nsf/web/gpunid/GC2257ED20030C63DC2257DA500230EBC?OpenDocument"	"PlanS"
"http://info.raad.tartu.ee/webaktid.nsf/web/gpunid/GC2257ED20030C63DC2257DA50023077C?OpenDocument"	"PlanS"
"http://info.raad.tartu.ee/webaktid.nsf/web/gpunid/GC2257ED20030C63DC2257DA50022FD64?OpenDocument"	"PlanS"
"http://info.raad.tartu.ee/webaktid.nsf/web/gpunid/GC2257ED20030C63DC2257D900022327F?OpenDocument"	"PlanS"
"http://info.raad.tartu.ee/webaktid.nsf/web/gpunid/GC2257ED20030C63DC2257D9000222A79?OpenDocument"	"PlanS LKS"
"http://info.raad.tartu.ee/webaktid.nsf/web/gpunid/GC2257ED20030C63DC2257D9000222283?OpenDocument"	"PlanS"
"http://info.raad.tartu.ee/webaktid.nsf/web/gpunid/GC2257ED20030C63DC2257D9000221914?OpenDocument"	"PlanS"
"http://info.raad.tartu.ee/webaktid.nsf/web/gpunid/GC2257ED20030C63DC2257D9000220729?OpenDocument"	"PlanS"
"http://info.raad.tartu.ee/webaktid.nsf/web/gpunid/GC2257ED20030C63DC2257D900021F9E5?OpenDocument"	"PlanS"
"http://info.raad.tartu.ee/webaktid.nsf/web/gpunid/GC2257ED20030C63DC2257D74001DC321?OpenDocument"	"PlanS LKS"
"http://info.raad.tartu.ee/webaktid.nsf/web/gpunid/GC2257ED20030C63DC2257D74001DBBA4?OpenDocument"	"PlanS"
"http://info.raad.tartu.ee/webaktid.nsf/web/gpunid/GC2257ED20030C63DC2257D74001DB2F0?OpenDocument"	"PlanS LKS"
"http://info.raad.tartu.ee/webaktid.nsf/web/gpunid/GC2257ED20030C63DC2257D74001DAAE8?OpenDocument"	"PlanS"
"http://info.raad.tartu.ee/webaktid.nsf/web/gpunid/GC2257ED20030C63DC2257D74001D9D69?OpenDocument"	"PlanS"
"http://info.raad.tartu.ee/webaktid.nsf/web/gpunid/GC2257ED20030C63DC2257D58001C42AD?OpenDocument"	"LS KorS"
"http://info.raad.tartu.ee/webaktid.nsf/web/gpunid/GC2257ED20030C63DC2257D58001C1A84?OpenDocument"	"JäätS"
"http://info.raad.tartu.ee/webaktid.nsf/web/gpunid/GC2257ED20030C63DC2257D58001C078A?OpenDocument"	"PlanS"
"http://info.raad.tartu.ee/webaktid.nsf/web/gpunid/GC2257ED20030C63DC2257D58001BFDD7?OpenDocument"	"PlanS"
"http://info.raad.tartu.ee/webaktid.nsf/web/gpunid/GC2257ED20030C63DC2257D58001BF361?OpenDocument"	"PlanS"
"http://info.raad.tartu.ee/webaktid.nsf/web/gpunid/GC2257ED20030C63DC2257D58001BE8B3?OpenDocument"	"PlanS"
"http://info.raad.tartu.ee/webaktid.nsf/web/gpunid/GC2257ED20030C63DC2257D58001BE078?OpenDocument"	"PlanS"
"http://info.raad.tartu.ee/webaktid.nsf/web/gpunid/GC2257ED20030C63DC2257D04001BBFF8?OpenDocument"	"PlanS"
"http://info.raad.tartu.ee/webaktid.nsf/web/gpunid/GC2257ED20030C63DC2257D04001BB5CB?OpenDocument"	"PlanS LKS"
"http://info.raad.tartu.ee/webaktid.nsf/web/gpunid/GC2257ED20030C63DC2257D04001BAD67?OpenDocument"	"PlanS"
"http://info.raad.tartu.ee/webaktid.nsf/web/gpunid/GC2257ED20030C63DC2257D04001BA466?OpenDocument"	"PlanS"
"http://info.raad.tartu.ee/webaktid.nsf/web/gpunid/GC2257ED20030C63DC2257D04001B98C5?OpenDocument"	"PlanS"
"http://info.raad.tartu.ee/webaktid.nsf/web/gpunid/GC2257ED20030C63DC2257D04001B90C5?OpenDocument"	"PlanS"
"http://info.raad.tartu.ee/webaktid.nsf/web/gpunid/GC2257ED20030C63DC2257D04001B5327?OpenDocument"	"PlanS"
"http://info.raad.tartu.ee/webaktid.nsf/web/gpunid/GC2257ED20030C63DC2257D04001B4B3D?OpenDocument"	"MaaKatS"
"http://info.raad.tartu.ee/webaktid.nsf/web/gpunid/GC2257ED20030C63DC2257D04001AE1A6?OpenDocument"	"PGS"
"http://info.raad.tartu.ee/webaktid.nsf/web/gpunid/GC2257ED20030C63DC2257CF6001E1F30?OpenDocument"	"KMS"
"http://info.raad.tartu.ee/webaktid.nsf/web/gpunid/GC2257ED20030C63DC2257CF6001E1784?OpenDocument"	"KMS"
"http://info.raad.tartu.ee/webaktid.nsf/web/gpunid/GC2257ED20030C63DC2257CF6001E0FB9?OpenDocument"	"KMS"
"http://info.raad.tartu.ee/webaktid.nsf/web/gpunid/GC2257ED20030C63DC2257CF6001DE3B2?OpenDocument"	"PlanS"
"http://info.raad.tartu.ee/webaktid.nsf/web/gpunid/GC2257ED20030C63DC2257CF6001DDC10?OpenDocument"	"PlanS"
"http://info.raad.tartu.ee/webaktid.nsf/web/gpunid/GC2257ED20030C63DC2257CF6001DD4D7?OpenDocument"	"PlanS"
"http://info.raad.tartu.ee/webaktid.nsf/web/gpunid/GC2257ED20030C63DC2257CF6001DCB42?OpenDocument"	"PlanS"
"http://info.raad.tartu.ee/webaktid.nsf/web/gpunid/GC2257ED20030C63DC2257CE1001B5D98?OpenDocument"	"PlanS LKS"
"http://info.raad.tartu.ee/webaktid.nsf/web/gpunid/GC2257ED20030C63DC2257CE1001B552A?OpenDocument"	"PlanS"
"http://info.raad.tartu.ee/webaktid.nsf/web/gpunid/GC2257ED20030C63DC2257CE1001B4899?OpenDocument"	"PlanS"
"http://info.raad.tartu.ee/webaktid.nsf/web/gpunid/GC2257ED20030C63DC2257CC5001BEBBB?OpenDocument"	"MuKS"
"http://info.raad.tartu.ee/webaktid.nsf/web/gpunid/GC2257ED20030C63DC2257CC5001BE17F?OpenDocument"	"PlanS"
"http://info.raad.tartu.ee/webaktid.nsf/web/gpunid/GC2257ED20030C63DC2257CA2002307BC?OpenDocument"	"ÜTS"
"http://info.raad.tartu.ee/webaktid.nsf/web/gpunid/GC2257ED20030C63DC2257CA20022F09D?OpenDocument"	"JäätS"
"http://info.raad.tartu.ee/webaktid.nsf/web/gpunid/GC2257ED20030C63DC2257CA20022E7C5?OpenDocument"	"PlanS"
"http://info.raad.tartu.ee/webaktid.nsf/web/gpunid/GC2257ED20030C63DC2257CA20022DEB4?OpenDocument"	"PlanS"
"http://info.raad.tartu.ee/webaktid.nsf/web/gpunid/GC2257ED20030C63DC2257CA20022D68C?OpenDocument"	"PlanS"
"http://info.raad.tartu.ee/webaktid.nsf/web/gpunid/GC2257ED20030C63DC2257CA20022CAC0?OpenDocument"	"PlanS"
"http://info.raad.tartu.ee/webaktid.nsf/web/gpunid/GC2257ED20030C63DC2257C8600204A42?OpenDocument"	"ÄS"
"http://info.raad.tartu.ee/webaktid.nsf/web/gpunid/GC2257ED20030C63DC2257C8600200EA7?OpenDocument"	"LasteKS"
"http://info.raad.tartu.ee/webaktid.nsf/web/gpunid/GC2257ED20030C63DC2257C86001FFBFD?OpenDocument"	"PlanS"
"http://info.raad.tartu.ee/webaktid.nsf/web/gpunid/GC2257ED20030C63DC2257C86001FF3CE?OpenDocument"	"PlanS"
"http://info.raad.tartu.ee/webaktid.nsf/web/gpunid/GC2257ED20030C63DC2257C86001FEBA6?OpenDocument"	"PlanS"
"http://info.raad.tartu.ee/webaktid.nsf/web/gpunid/GC2257ED20030C63DC2257C86001FE1F3?OpenDocument"	"PlanS LKS"
"http://info.raad.tartu.ee/webaktid.nsf/web/gpunid/GC2257ED20030C63DC2257C86001FD995?OpenDocument"	"PlanS"
"http://info.raad.tartu.ee/webaktid.nsf/web/gpunid/GC2257ED20030C63DC2257C6A00258511?OpenDocument"	"PlanS"
"http://info.raad.tartu.ee/webaktid.nsf/web/gpunid/GC2257DD200719704C2257C6A00255E94?OpenDocument"	"PlanS"
"http://info.raad.tartu.ee/webaktid.nsf/web/gpunid/GC2257DD200719704C2257C3900236CF4?OpenDocument"	"PlanS"
"http://info.raad.tartu.ee/webaktid.nsf/web/gpunid/GC2257DD200719704C2257C39002363A4?OpenDocument"	"PlanS"
"http://info.raad.tartu.ee/webaktid.nsf/web/gpunid/GA14C65B9002F5F05C2257FB800387BEC?OpenDocument"	"KonkS SpS"
"http://info.raad.tartu.ee/webaktid.nsf/web/gpunid/GFA2C5DDA0A9FF430C2257FBD003A692F?OpenDocument"	"PGS"
"http://info.raad.tartu.ee/webaktid.nsf/web/gpunid/GB25C965B37F6B68AC2257FBE0048A564?OpenDocument"	"PGS"
"http://info.raad.tartu.ee/webaktid.nsf/web/gpunid/G79BB2F25E3047D50C2257FC30027962C?OpenDocument"	"EraKS"
"http://info.raad.tartu.ee/webaktid.nsf/web/gpunid/G12D16D5E44B38FAFC2257FB4006AFA42?OpenDocument"	"KorS AS"
"http://info.raad.tartu.ee/webaktid.nsf/web/gpunid/G449CA41060EFC0BDC2257F86004DDE4B?OpenDocument"	"PlanS AÕS"
"http://info.raad.tartu.ee/webaktid.nsf/web/gpunid/G4F82DC6E768BCDB3C2257F5A002C17B7?OpenDocument"	"ES"
"http://info.raad.tartu.ee/webaktid.nsf/web/gpunid/GF7CC9A5CB3EDBB94C2257F3900494C9C?OpenDocument"	"ES LasteKS"
"http://info.raad.tartu.ee/webaktid.nsf/web/gpunid/G894D9B6D43DE79F1C2257F410045B27B?OpenDocument"	"TKS"
"http://info.raad.tartu.ee/webaktid.nsf/web/gpunid/G9A09961664082108C2257F410050430C?OpenDocument"	"TKS"
"http://info.raad.tartu.ee/webaktid.nsf/web/gpunid/G3D25EB52DFAB21F9C2257F3F00261FED?OpenDocument"	"PGS"
"http://info.raad.tartu.ee/webaktid.nsf/web/gpunid/GC2257ED20030C63DC2257F0E004FD74A?OpenDocument"	"LS"
"http://info.raad.tartu.ee/webaktid.nsf/web/gpunid/GC2257ED20030C63DC2257EDC004FDACE?OpenDocument"	"MaaMS"
"http://info.raad.tartu.ee/webaktid.nsf/web/gpunid/GC2257ED20030C63DC2257E590027E386?OpenDocument"	"TuMS"
"http://info.raad.tartu.ee/webaktid.nsf/web/gpunid/GC2257ED20030C63DC2257E5900236716?OpenDocument"	"TuMS"
"http://info.raad.tartu.ee/webaktid.nsf/web/gpunid/GC2257ED20030C63DC2257E9600422C17?OpenDocument"	"EhS RekS"
"http://info.raad.tartu.ee/webaktid.nsf/web/gpunid/GC2257ED20030C63DC2257EAF002F16FD?OpenDocument"	"LS"
"http://info.raad.tartu.ee/webaktid.nsf/web/gpunid/GC2257ED20030C63DC2257E96004544CA?OpenDocument"	"EhS"
"http://info.raad.tartu.ee/webaktid.nsf/web/gpunid/GC2257ED20030C63DC2257E600020D4EB?OpenDocument"	"EhS"
"http://info.raad.tartu.ee/webaktid.nsf/web/gpunid/GC2257ED20030C63DC2257E4900412F9F?OpenDocument"	"EhS"
"http://info.raad.tartu.ee/webaktid.nsf/web/gpunid/GC2257ED20030C63DC2257E59006D63BE?OpenDocument"	"ÜTS"
"http://info.raad.tartu.ee/webaktid.nsf/web/gpunid/GC2257ED20030C63DC2257E3E003F253C?OpenDocument"	"ÜTS VÕS"
"http://info.raad.tartu.ee/webaktid.nsf/web/gpunid/GC2257ED20030C63DC2257E46003F6538?OpenDocument"	"ÜTS"
"http://info.raad.tartu.ee/webaktid.nsf/web/gpunid/GC2257ED20030C63DC2257E5000265D60?OpenDocument"	"LS"
"http://info.raad.tartu.ee/webaktid.nsf/web/gpunid/GC2257ED20030C63DC2257E2C00622F0E?OpenDocument"	"PGS"
"http://info.raad.tartu.ee/webaktid.nsf/web/gpunid/GC2257ED20030C63DC2257E33005349CC?OpenDocument"	"ES VÕS"
"http://info.raad.tartu.ee/webaktid.nsf/web/gpunid/GC2257ED20030C63DC2257E060042E005?OpenDocument"	"LasteKS"
"http://info.raad.tartu.ee/webaktid.nsf/web/gpunid/GC2257ED20030C63DC2257D1F002D9290?OpenDocument"	"LoKS"
"http://info.raad.tartu.ee/webaktid.nsf/web/gpunid/GC2257ED20030C63DC2257E3C005309A3?OpenDocument"	"EhS"
"http://info.raad.tartu.ee/webaktid.nsf/web/gpunid/GC2257ED20030C63DC2257E120025B463?OpenDocument"	"RLS"
"http://info.raad.tartu.ee/webaktid.nsf/web/gpunid/GC2257ED20030C63DC2257E0400478CC5?OpenDocument"	"LS"
"http://info.raad.tartu.ee/webaktid.nsf/web/gpunid/GC2257ED20030C63DC2257DF700340332?OpenDocument"	"PGS"
"http://info.raad.tartu.ee/webaktid.nsf/web/gpunid/GC2257ED20030C63DC2257DFC00552518?OpenDocument"	"KorS AS"
"http://info.raad.tartu.ee/webaktid.nsf/web/gpunid/GC2257ED20030C63DC2257DC100362F90?OpenDocument"	"KNS"
"http://info.raad.tartu.ee/webaktid.nsf/web/gpunid/GC2257ED20030C63DC2257DF8003FF8B3?OpenDocument"	"MuKS"
"http://info.raad.tartu.ee/webaktid.nsf/web/gpunid/GC2257ED20030C63DC2257DDD00216AF7?OpenDocument"	"TuMS"
"http://info.raad.tartu.ee/webaktid.nsf/web/gpunid/GC2257ED20030C63DC2257D8D0026213C?OpenDocument"	"KNS"
"http://info.raad.tartu.ee/webaktid.nsf/web/gpunid/GC2257ED20030C63DC2257D8D00367B43?OpenDocument"	"JäätS"
"http://info.raad.tartu.ee/webaktid.nsf/web/gpunid/GC2257ED20030C63DC2257D6300404DB8?OpenDocument"	"MaaMS"
"http://info.raad.tartu.ee/webaktid.nsf/web/gpunid/GC2257ED20030C63DC2257D8000357592?OpenDocument"	"MuKS"
"http://info.raad.tartu.ee/webaktid.nsf/web/gpunid/GC2257ED20030C63DC2257D3200293A33?OpenDocument"	"PKS"
"http://info.raad.tartu.ee/webaktid.nsf/web/gpunid/GC2257ED20030C63DC2257CEE0039EFF9?OpenDocument"	"KNS"
"http://info.raad.tartu.ee/webaktid.nsf/web/gpunid/GC2257ED20030C63DC2257CD7002C79A7?OpenDocument"	"KNS"
"http://info.raad.tartu.ee/webaktid.nsf/web/gpunid/GC2257ED20030C63DC2257CD700206A0C?OpenDocument"	"KNS"
"http://info.raad.tartu.ee/webaktid.nsf/web/gpunid/GC2257ED20030C63DC2257CEB0046C376?OpenDocument"	"KNS"
"http://info.raad.tartu.ee/webaktid.nsf/web/gpunid/GC2257ED20030C63DC2257D4200348F80?OpenDocument"	"KorS"
"http://info.raad.tartu.ee/webaktid.nsf/web/gpunid/GC2257ED20030C63DC2257D4500809CB0?OpenDocument"	"ÜVVKS"
"http://info.raad.tartu.ee/webaktid.nsf/web/gpunid/GC2257ED20030C63DC2257D4800305697?OpenDocument"	"LKS JäätS"
"http://info.raad.tartu.ee/webaktid.nsf/web/gpunid/GC2257ED20030C63DC2257D46002A7A46?OpenDocument"	"TubS KorS"
"http://info.raad.tartu.ee/webaktid.nsf/web/gpunid/GC2257ED20030C63DC2257CE7005961B2?OpenDocument"	"KorS"
"http://info.raad.tartu.ee/webaktid.nsf/web/gpunid/GC2257ED20030C63DC2257CE1002B0698?OpenDocument"	"KorS"
"http://info.raad.tartu.ee/webaktid.nsf/web/gpunid/GC2257ED20030C63DC2257CE200448EBB?OpenDocument"	"JäätS LKS KorS"
"http://info.raad.tartu.ee/webaktid.nsf/web/gpunid/GC2257ED20030C63DC2257CB4003F3032?OpenDocument"	"PGS"
"http://info.raad.tartu.ee/webaktid.nsf/web/gpunid/GC2257ED20030C63DC2257CD000245C40?OpenDocument"	"PGS"
"http://info.raad.tartu.ee/webaktid.nsf/web/gpunid/GC2257ED20030C63DC2257CCA001E8B09?OpenDocument"	"EraKS"
"http://info.raad.tartu.ee/webaktid.nsf/web/gpunid/GC2257ED20030C63DC2257CC10024A386?OpenDocument"	"PGS"
"http://info.raad.tartu.ee/webaktid.nsf/web/gpunid/GC2257ED20030C63DC2257C69006DB9A8?OpenDocument"	"PGS"
"http://info.raad.tartu.ee/webaktid.nsf/web/gpunid/GC2257ED20030C63DC2257CB70043346A?OpenDocument"	"PGS"
"http://info.raad.tartu.ee/webaktid.nsf/web/gpunid/GC2257ED20030C63DC2257CC10022E645?OpenDocument"	"PGS"
"http://info.raad.tartu.ee/webaktid.nsf/web/gpunid/GC2257ED20030C63DC2257CA400422415?OpenDocument"	"PGS"
"http://info.raad.tartu.ee/webaktid.nsf/web/gpunid/GC2257DD200719704C2257C46002761D4?OpenDocument"	"KNS"
"http://info.raad.tartu.ee/webaktid.nsf/web/gpunid/GC2257ED20030C63DC2257C680065D1D6?OpenDocument"	"PGS"
"http://info.raad.tartu.ee/webaktid.nsf/web/gpunid/GC2257DD200719704C2257C2E004E4C89?OpenDocument"	"PlanS LKS EhS VeeS AÕS MaaKatS"
"http://info.raad.tartu.ee/webaktid.nsf/web/gpunid/GC2257DD200719704C2257C350040A729?OpenDocument"	"PGS"
"http://info.raad.tartu.ee/webaktid.nsf/web/gpunid/GC2257DD200719704C2257BF00049975D?OpenDocument"	"MaaMS"
"http://info.raad.tartu.ee/webaktid.nsf/web/gpunid/GC2257DD200719704C2257C1C002E145B?OpenDocument"	"RekS EhS"
"http://info.raad.tartu.ee/webaktid.nsf/web/gpunid/GAB2143660AB15E7FC2257FD10052166B?OpenDocument"	"MaaKatS"
"http://info.raad.tartu.ee/webaktid.nsf/web/gpunid/GE4E65F13B6C43FB7C2257FD2002CE807?OpenDocument"	"MaaKatS"
"http://info.raad.tartu.ee/webaktid.nsf/web/gpunid/G7F061BFE2A212B1DC2257FE6003CD02A?OpenDocument"	"PlanS"
"http://info.raad.tartu.ee/webaktid.nsf/web/gpunid/G93EE5E1EEC23EBB2C225800B00227FC2?OpenDocument"	"PlanS LKS"
"http://info.raad.tartu.ee/webaktid.nsf/web/gpunid/G321C85FB42B755F3C22580170029303A?OpenDocument"	"PlanS"
"http://info.raad.tartu.ee/webaktid.nsf/web/gpunid/G7E1871C50556CD82C2257FBE0047C811?OpenDocument"	"PGS"
"http://info.raad.tartu.ee/webaktid.nsf/web/gpunid/G2490758C787BA09DC2257FCD0060EAFA?OpenDocument"	"ÜTS"
"http://info.raad.tartu.ee/webaktid.nsf/web/gpunid/G3F608AE39C5A07BEC2257FCD004BC6B4?OpenDocument"	"MaaKatS"
"http://info.raad.tartu.ee/webaktid.nsf/web/gpunid/G2D5DE9F71DE6AFF1C2257FB50027C85F?OpenDocument"	"PlanS"
"http://info.raad.tartu.ee/webaktid.nsf/web/gpunid/G92640CF20FA7C9D2C2257FAE004D90A5?OpenDocument"	"PlanS"
"http://info.raad.tartu.ee/webaktid.nsf/web/gpunid/GDCDA9E904C958261C2257FAB0037C977?OpenDocument"	"PlanS"
"http://info.raad.tartu.ee/webaktid.nsf/web/gpunid/G6F3A8A82AE295D22C2257FA000225620?OpenDocument"	"PlanS"
"http://info.raad.tartu.ee/webaktid.nsf/web/gpunid/GC2D1FCE4911CDB04C2257FC40027998F?OpenDocument"	"PlanS"
"http://info.raad.tartu.ee/webaktid.nsf/web/gpunid/G2DE6259FA7E0B029C2257FB5002A57BA?OpenDocument"	"PGS"
"http://info.raad.tartu.ee/webaktid.nsf/web/gpunid/G8519D066B6C63A67C2257FB8002726CE?OpenDocument"	"PlanS"
"http://info.raad.tartu.ee/webaktid.nsf/web/gpunid/GB488D6077F3FE157C2257FB7002D25AD?OpenDocument"	"PlanS"
"http://info.raad.tartu.ee/webaktid.nsf/web/gpunid/G285CF93168703E9BC2257F7A004A5789?OpenDocument"	"MaaKatS"
"http://info.raad.tartu.ee/webaktid.nsf/web/gpunid/G396B28F65FBF4237C2257F790032FA76?OpenDocument"	"MaaKatS"
"http://info.raad.tartu.ee/webaktid.nsf/web/gpunid/G00F8A077C7FF8C59C2257F8D0038B8AB?OpenDocument"	"PlanS"
"http://info.raad.tartu.ee/webaktid.nsf/web/gpunid/G92FC4428D869CF49C2257F9B002C3428?OpenDocument"	"PlanS LKS"
"http://info.raad.tartu.ee/webaktid.nsf/web/gpunid/GE10A35751A6B26F1C2257F50002C6DBC?OpenDocument"	"PlanS"
"http://info.raad.tartu.ee/webaktid.nsf/web/gpunid/G0E025BF2F68757F5C2257F9B0026A13C?OpenDocument"	"PlanS"
"http://info.raad.tartu.ee/webaktid.nsf/web/gpunid/G700C80CFA05BFA14C2257F9B002F7B8E?OpenDocument"	"PlanS"
"http://info.raad.tartu.ee/webaktid.nsf/web/gpunid/GD041C30B2758331AC2257F61004F3265?OpenDocument"	"LasteKS"
"http://info.raad.tartu.ee/webaktid.nsf/web/gpunid/GC45BCAD83AE48AADC2257F7F002B0C87?OpenDocument"	"PlanS"
"http://info.raad.tartu.ee/webaktid.nsf/web/gpunid/GDE3B1F6133724EC1C2257F850021447A?OpenDocument"	"PlanS"
"http://info.raad.tartu.ee/webaktid.nsf/web/gpunid/GBDB82D0EBA3CF4DCC2257F840041AC89?OpenDocument"	"PlanS"
"http://info.raad.tartu.ee/webaktid.nsf/web/gpunid/GFBB2F9E0052A10B6C2257F830069D797?OpenDocument"	"PlanS"
"http://info.raad.tartu.ee/webaktid.nsf/web/gpunid/G02B49A8359705A12C2257F7F0026617F?OpenDocument"	"PlanS"
"http://info.raad.tartu.ee/webaktid.nsf/web/gpunid/G06EEC004F14C3C7AC2257F7100279E48?OpenDocument"	"PlanS"
"http://info.raad.tartu.ee/webaktid.nsf/web/gpunid/G7B24B5333258B714C2257F84001F2AFE?OpenDocument"	"PlanS"
"http://info.raad.tartu.ee/webaktid.nsf/web/gpunid/G95B0BF3F6F3052BEC2257F80002F6B9C?OpenDocument"	"PlanS"
"http://info.raad.tartu.ee/webaktid.nsf/web/gpunid/GE4FD1FFDD37306E2C2257F7F003B7DB5?OpenDocument"	"PlanS"
"http://info.raad.tartu.ee/webaktid.nsf/web/gpunid/G03AB921A4526AE77C2257F5B00299037?OpenDocument"	"PlanS"
"http://info.raad.tartu.ee/webaktid.nsf/web/gpunid/G3FEA26FBCCFFD38BC2257F5D00436405?OpenDocument"	"PlanS"
"http://info.raad.tartu.ee/webaktid.nsf/web/gpunid/GE24F2D5AF86CD5F3C2257F5E002B9565?OpenDocument"	"PlanS"
"http://info.raad.tartu.ee/webaktid.nsf/web/gpunid/GC2257ED20030C63DC2257F0300452294?OpenDocument"	"KNS"
"http://info.raad.tartu.ee/webaktid.nsf/web/gpunid/GC2257ED20030C63DC2257F0700482A20?OpenDocument"	"KNS"
"http://info.raad.tartu.ee/webaktid.nsf/web/gpunid/GC2257ED20030C63DC2257EC70044ECA0?OpenDocument"	"PlanS"
"http://info.raad.tartu.ee/webaktid.nsf/web/gpunid/G927C03E54FBF60E1C2257F4E00418469?OpenDocument"	"PlanS KutS"
"http://info.raad.tartu.ee/webaktid.nsf/web/gpunid/G7B127B9E8F78F383C2257F4C004558F1?OpenDocument"	"LKS PlanS"
"http://info.raad.tartu.ee/webaktid.nsf/web/gpunid/GC2257ED20030C63DC2257ECA002D2976?OpenDocument"	"KNS"
"http://info.raad.tartu.ee/webaktid.nsf/web/gpunid/G8CCA2DE6ACCE9D04C2257F31002D41EB?OpenDocument"	"PlanS"
"http://info.raad.tartu.ee/webaktid.nsf/web/gpunid/GC2257ED20030C63DC2257F2B004277B6?OpenDocument"	"PlanS"
"http://info.raad.tartu.ee/webaktid.nsf/web/gpunid/GC2257ED20030C63DC2257F2200562030?OpenDocument"	"PlanS"
"http://info.raad.tartu.ee/webaktid.nsf/web/gpunid/GC2257ED20030C63DC2257DDF0076E50A?OpenDocument"	"PlanS"
"http://info.raad.tartu.ee/webaktid.nsf/web/gpunid/GC2257ED20030C63DC2257E9E0020B4F6?OpenDocument"	"PlanS"
"http://info.raad.tartu.ee/webaktid.nsf/web/gpunid/GC2257ED20030C63DC2257EF500743054?OpenDocument"	"KOS"
"http://info.raad.tartu.ee/webaktid.nsf/web/gpunid/GC2257ED20030C63DC2257F0F00046109?OpenDocument"	"LS"
"http://info.raad.tartu.ee/webaktid.nsf/web/gpunid/GC2257ED20030C63DC2257EE0002C7264?OpenDocument"	"KNS"
"http://info.raad.tartu.ee/webaktid.nsf/web/gpunid/GC2257ED20030C63DC2257EEB002845B3?OpenDocument"	"EhS"
"http://info.raad.tartu.ee/webaktid.nsf/web/gpunid/GC2257ED20030C63DC2257F02002BDACD?OpenDocument"	"PlanS"
"http://info.raad.tartu.ee/webaktid.nsf/web/gpunid/GC2257ED20030C63DC2257F0000312A76?OpenDocument"	"PlanS"
"http://info.raad.tartu.ee/webaktid.nsf/web/gpunid/GC2257ED20030C63DC2257EAE0039E858?OpenDocument"	"PlanS"
"http://info.raad.tartu.ee/webaktid.nsf/web/gpunid/GC2257ED20030C63DC2257EF9003D8698?OpenDocument"	"PlanS"
"http://info.raad.tartu.ee/webaktid.nsf/web/gpunid/GC2257ED20030C63DC2257E28003C9B30?OpenDocument"	"KNS"
"http://info.raad.tartu.ee/webaktid.nsf/web/gpunid/GC2257ED20030C63DC2257E44002CA9C3?OpenDocument"	"TuMS VÕS"
"http://info.raad.tartu.ee/webaktid.nsf/web/gpunid/GC2257ED20030C63DC2257ED70025CCB0?OpenDocument"	"LS"
"http://info.raad.tartu.ee/webaktid.nsf/web/gpunid/GC2257ED20030C63DC2257EEA005199A3?OpenDocument"	"PlanS"
"http://info.raad.tartu.ee/webaktid.nsf/web/gpunid/GC2257ED20030C63DC2257EEC004DAE1F?OpenDocument"	"PlanS"
"http://info.raad.tartu.ee/webaktid.nsf/web/gpunid/GC2257ED20030C63DC2257EC4001F2194?OpenDocument"	"PlanS"
"http://info.raad.tartu.ee/webaktid.nsf/web/gpunid/GC2257ED20030C63DC2257EE000270D77?OpenDocument"	"PlanS"
"http://info.raad.tartu.ee/webaktid.nsf/web/gpunid/GC2257ED20030C63DC2257EDF004255DA?OpenDocument"	"PlanS"
"http://info.raad.tartu.ee/webaktid.nsf/web/gpunid/GC2257ED20030C63DC2257ECB00256F01?OpenDocument"	"PlanS"
"http://info.raad.tartu.ee/webaktid.nsf/web/gpunid/GC2257ED2005921E4C2257B8D00472195?OpenDocument"	"PlanS"
"http://info.raad.tartu.ee/webaktid.nsf/web/gpunid/GC2257ED20030C63DC2257EAB0045042F?OpenDocument"	"PlanS"
"http://info.raad.tartu.ee/webaktid.nsf/web/gpunid/GC2257ED20030C63DC2257EBC0040D948?OpenDocument"	"PlanS LKS"
"http://info.raad.tartu.ee/webaktid.nsf/web/gpunid/GC2257ED20030C63DC2257E270023A08E?OpenDocument"	"KNS"
"http://info.raad.tartu.ee/webaktid.nsf/web/gpunid/GC2257ED20030C63DC2257EA7005F81A8?OpenDocument"	"ÜTS"
"http://info.raad.tartu.ee/webaktid.nsf/web/gpunid/GC2257ED20030C63DC2257EAF00457876?OpenDocument"	"PlanS"
"http://info.raad.tartu.ee/webaktid.nsf/web/gpunid/GC2257ED20030C63DC2257EB20048124E?OpenDocument"	"PlanS"
"http://info.raad.tartu.ee/webaktid.nsf/web/gpunid/GC2257ED20030C63DC2257E99003F5B83?OpenDocument"	"PlanS"
"http://info.raad.tartu.ee/webaktid.nsf/web/gpunid/GC2257ED20030C63DC2257E910045E286?OpenDocument"	"PlanS"
"http://info.raad.tartu.ee/webaktid.nsf/web/gpunid/GC2257ED20030C63DC2257E92001DC904?OpenDocument"	"PlanS"
"http://info.raad.tartu.ee/webaktid.nsf/web/gpunid/GC2257ED20030C63DC2257E5A00248DBE?OpenDocument"	"PlanS"
"http://info.raad.tartu.ee/webaktid.nsf/web/gpunid/GC2257ED20030C63DC2257E5400311034?OpenDocument"	"PlanS"
"http://info.raad.tartu.ee/webaktid.nsf/web/gpunid/GC2257ED20030C63DC2257E5F002B4C17?OpenDocument"	"PlanS"
"http://info.raad.tartu.ee/webaktid.nsf/web/gpunid/GC2257ED20030C63DC2257E43003759EE?OpenDocument"	"PlanS"
"http://info.raad.tartu.ee/webaktid.nsf/web/gpunid/GC2257ED20030C63DC2257E5700433D95?OpenDocument"	"PlanS"
"http://info.raad.tartu.ee/webaktid.nsf/web/gpunid/GC2257ED20030C63DC2257E5B002818BF?OpenDocument"	"PlanS"
"http://info.raad.tartu.ee/webaktid.nsf/web/gpunid/GC2257ED20030C63DC2257DF20030749C?OpenDocument"	"PlanS LKS"
"http://info.raad.tartu.ee/webaktid.nsf/web/gpunid/GC2257ED20030C63DC2257E59003B4B62?OpenDocument"	"PlanS"
"http://info.raad.tartu.ee/webaktid.nsf/web/gpunid/GC2257ED20030C63DC2257E59001E997A?OpenDocument"	"PlanS"
"http://info.raad.tartu.ee/webaktid.nsf/web/gpunid/GC2257ED20030C63DC2257E3B002250F7?OpenDocument"	"PlanS"
"http://info.raad.tartu.ee/webaktid.nsf/web/gpunid/GC2257ED20030C63DC2257E59003AC054?OpenDocument"	"PGS"
"http://info.raad.tartu.ee/webaktid.nsf/web/gpunid/GC2257ED20030C63DC2257E11004AEE0F?OpenDocument"	"PlanS"
"http://info.raad.tartu.ee/webaktid.nsf/web/gpunid/GC2257ED20030C63DC2257E190044E1BE?OpenDocument"	"PlanS"
"http://info.raad.tartu.ee/webaktid.nsf/web/gpunid/GC2257ED20030C63DC2257D8700471D20?OpenDocument"	"PlanS"
"http://info.raad.tartu.ee/webaktid.nsf/web/gpunid/GC2257ED20030C63DC2257E220020162E?OpenDocument"	"PlanS"
"http://info.raad.tartu.ee/webaktid.nsf/web/gpunid/GC2257ED20030C63DC2257E28002A6351?OpenDocument"	"PlanS"
"http://info.raad.tartu.ee/webaktid.nsf/web/gpunid/GC2257ED20030C63DC2257E3D00428845?OpenDocument"	"PlanS"
"http://info.raad.tartu.ee/webaktid.nsf/web/gpunid/GC2257ED20030C63DC2257E200047244B?OpenDocument"	"PlanS"
"http://info.raad.tartu.ee/webaktid.nsf/web/gpunid/GC2257ED20030C63DC2257E27001E51C1?OpenDocument"	"ELTS"
"http://info.raad.tartu.ee/webaktid.nsf/web/gpunid/GC2257ED20030C63DC2257E0E00273FA2?OpenDocument"	"LKS PlanS VeeS"
"http://info.raad.tartu.ee/webaktid.nsf/web/gpunid/GC2257ED20030C63DC2257E18004035FD?OpenDocument"	"PlanS"
"http://info.raad.tartu.ee/webaktid.nsf/web/gpunid/GC2257ED20030C63DC2257E15003DFD3D?OpenDocument"	"PlanS"
"http://info.raad.tartu.ee/webaktid.nsf/web/gpunid/GC2257ED20030C63DC2257E1800694A79?OpenDocument"	"PlanS"
"http://info.raad.tartu.ee/webaktid.nsf/web/gpunid/GC2257ED20030C63DC2257E120025ADF0?OpenDocument"	"ÜTS"
"http://info.raad.tartu.ee/webaktid.nsf/web/gpunid/GC2257ED20030C63DC2257DEE002BA0FB?OpenDocument"	"PlanS"
"http://info.raad.tartu.ee/webaktid.nsf/web/gpunid/GC2257ED20030C63DC2257DF700317664?OpenDocument"	"PlanS"
"http://info.raad.tartu.ee/webaktid.nsf/web/gpunid/GC2257ED20030C63DC2257DFE00225AD0?OpenDocument"	"PlanS"
"http://info.raad.tartu.ee/webaktid.nsf/web/gpunid/GC2257ED20030C63DC2257DC700269D52?OpenDocument"	"PlanS"
"http://info.raad.tartu.ee/webaktid.nsf/web/gpunid/GC2257ED20030C63DC2257DE400325A62?OpenDocument"	"PlanS"
"http://info.raad.tartu.ee/webaktid.nsf/web/gpunid/GC2257ED20030C63DC2257DF9002E846D?OpenDocument"	"PlanS"
"http://info.raad.tartu.ee/webaktid.nsf/web/gpunid/GC2257ED20030C63DC2257DD400311814?OpenDocument"	"PlanS"
"http://info.raad.tartu.ee/webaktid.nsf/web/gpunid/GC2257ED20030C63DC2257DD3004A763A?OpenDocument"	"PlanS"
"http://info.raad.tartu.ee/webaktid.nsf/web/gpunid/GC2257ED20030C63DC2257DDB003D9978?OpenDocument"	"PlanS"
"http://info.raad.tartu.ee/webaktid.nsf/web/gpunid/GC2257ED20030C63DC2257DBD0056FFC5?OpenDocument"	"LKS PlanS"
"http://info.raad.tartu.ee/webaktid.nsf/web/gpunid/GC2257ED20030C63DC2257DD2003426D5?OpenDocument"	"PGS"
"http://info.raad.tartu.ee/webaktid.nsf/web/gpunid/GC2257ED20030C63DC2257DC20050114C?OpenDocument"	"TuMS ÄS VÕS"
"http://info.raad.tartu.ee/webaktid.nsf/web/gpunid/GC2257ED20030C63DC2257DA4004924DC?OpenDocument"	"MaaKatS"
"http://info.raad.tartu.ee/webaktid.nsf/web/gpunid/GC2257ED20030C63DC2257DA20028BFDB?OpenDocument"	"PlanS"
"http://info.raad.tartu.ee/webaktid.nsf/web/gpunid/GC2257ED20030C63DC2257D9E002C68BA?OpenDocument"	"PlanS"
"http://info.raad.tartu.ee/webaktid.nsf/web/gpunid/GC2257ED20030C63DC2257DA20028A869?OpenDocument"	"PlanS"
"http://info.raad.tartu.ee/webaktid.nsf/web/gpunid/GC2257ED20030C63DC2257D410046AC0E?OpenDocument"	"PlanS"
"http://info.raad.tartu.ee/webaktid.nsf/web/gpunid/GC2257ED20030C63DC2257D6B003F3FD2?OpenDocument"	"PlanS"
"http://info.raad.tartu.ee/webaktid.nsf/web/gpunid/GC2257ED20030C63DC2257D9A0043728A?OpenDocument"	"PlanS"
"http://info.raad.tartu.ee/webaktid.nsf/web/gpunid/GC2257ED20030C63DC2257D420042D049?OpenDocument"	"PlanS"
"http://info.raad.tartu.ee/webaktid.nsf/web/gpunid/GC2257ED20030C63DC2257D8D002D861B?OpenDocument"	"PlanS"
"http://info.raad.tartu.ee/webaktid.nsf/web/gpunid/GC2257ED20030C63DC2257D7A0027B223?OpenDocument"	"PlanS"
"http://info.raad.tartu.ee/webaktid.nsf/web/gpunid/GC2257ED20030C63DC2257D8200302305?OpenDocument"	"PlanS"
"http://info.raad.tartu.ee/webaktid.nsf/web/gpunid/GC2257ED20030C63DC2257D63002A3ACD?OpenDocument"	"PlanS"
"http://info.raad.tartu.ee/webaktid.nsf/web/gpunid/GC2257ED20030C63DC2257D71004A64C9?OpenDocument"	"PlanS"
"http://info.raad.tartu.ee/webaktid.nsf/web/gpunid/GC2257ED20030C63DC2257D6600299B9E?OpenDocument"	"PlanS LKS"
"http://info.raad.tartu.ee/webaktid.nsf/web/gpunid/GC2257ED20030C63DC2257D390026B18E?OpenDocument"	"PlanS"
"http://info.raad.tartu.ee/webaktid.nsf/web/gpunid/GC2257ED20030C63DC2257D570045ED90?OpenDocument"	"PlanS"
"http://info.raad.tartu.ee/webaktid.nsf/web/gpunid/GC2257ED20030C63DC2257D5D004553CB?OpenDocument"	"PlanS"
"http://info.raad.tartu.ee/webaktid.nsf/web/gpunid/GC2257ED20030C63DC2257D47003C6930?OpenDocument"	"PlanS"
"http://info.raad.tartu.ee/webaktid.nsf/web/gpunid/GC2257ED20030C63DC2257D41002A35A9?OpenDocument"	"PlanS LKS"
"http://info.raad.tartu.ee/webaktid.nsf/web/gpunid/GC2257ED20030C63DC2257CED003E8883?OpenDocument"	"PlanS"
"http://info.raad.tartu.ee/webaktid.nsf/web/gpunid/GC2257ED20030C63DC2257CFD002A8EDE?OpenDocument"	"PlanS LKS"
"http://info.raad.tartu.ee/webaktid.nsf/web/gpunid/GC2257ED20030C63DC2257D5000260A3E?OpenDocument"	"PlanS"
"http://info.raad.tartu.ee/webaktid.nsf/web/gpunid/GC2257ED20030C63DC2257D500046662C?OpenDocument"	"PlanS"
"http://info.raad.tartu.ee/webaktid.nsf/web/gpunid/GC2257ED20030C63DC2257CE5004532AA?OpenDocument"	"LS KorS"
"http://info.raad.tartu.ee/webaktid.nsf/web/gpunid/GC2257ED20030C63DC2257D39003C3320?OpenDocument"	"JäätS"
"http://info.raad.tartu.ee/webaktid.nsf/web/gpunid/GC2257ED20030C63DC2257D270047DE3B?OpenDocument"	"PlanS"
"http://info.raad.tartu.ee/webaktid.nsf/web/gpunid/GC2257ED20030C63DC2257D25002696C9?OpenDocument"	"PlanS"
"http://info.raad.tartu.ee/webaktid.nsf/web/gpunid/GC2257ED20030C63DC2257C85004868B4?OpenDocument"	"PlanS"
"http://info.raad.tartu.ee/webaktid.nsf/web/gpunid/GC2257ED20030C63DC2257D30002CFD7B?OpenDocument"	"PlanS"
"http://info.raad.tartu.ee/webaktid.nsf/web/gpunid/GC2257ED20030C63DC2257D2A0025BD62?OpenDocument"	"PlanS"
"http://info.raad.tartu.ee/webaktid.nsf/web/gpunid/GC2257ED20030C63DC2257CDD004DD02A?OpenDocument"	"PlanS"
"http://info.raad.tartu.ee/webaktid.nsf/web/gpunid/GC2257ED20030C63DC2257CBD002C36EE?OpenDocument"	"PlanS LKS"
"http://info.raad.tartu.ee/webaktid.nsf/web/gpunid/GC2257ED20030C63DC2257CE60044C581?OpenDocument"	"PlanS"
"http://info.raad.tartu.ee/webaktid.nsf/web/gpunid/GC2257ED20030C63DC2257CE4002503E4?OpenDocument"	"PlanS"
"http://info.raad.tartu.ee/webaktid.nsf/web/gpunid/GC2257ED20030C63DC2257CDE0021511D?OpenDocument"	"PlanS"
"http://info.raad.tartu.ee/webaktid.nsf/web/gpunid/GC2257ED20030C63DC2257C92003177B8?OpenDocument"	"PlanS"
"http://info.raad.tartu.ee/webaktid.nsf/web/gpunid/GC2257ED20030C63DC2257CED001E477B?OpenDocument"	"PlanS"
"http://info.raad.tartu.ee/webaktid.nsf/web/gpunid/GC2257ED20030C63DC2257CE500298E34?OpenDocument"	"MaaKatS"
"http://info.raad.tartu.ee/webaktid.nsf/web/gpunid/GC2257ED20030C63DC2257CB4003B22FB?OpenDocument"	"PGS"
"http://info.raad.tartu.ee/webaktid.nsf/web/gpunid/GC2257ED20030C63DC2257CE000277EA7?OpenDocument"	"KMS"
"http://info.raad.tartu.ee/webaktid.nsf/web/gpunid/GC2257ED20030C63DC2257CE000282E3F?OpenDocument"	"KMS"
"http://info.raad.tartu.ee/webaktid.nsf/web/gpunid/GC2257ED20030C63DC2257CE00028E103?OpenDocument"	"KMS"
"http://info.raad.tartu.ee/webaktid.nsf/web/gpunid/GC2257ED20030C63DC2257C5C00448510?OpenDocument"	"PlanS"
"http://info.raad.tartu.ee/webaktid.nsf/web/gpunid/GC2257ED20030C63DC2257CC9002D761B?OpenDocument"	"PlanS"
"http://info.raad.tartu.ee/webaktid.nsf/web/gpunid/GC2257ED20030C63DC2257CA1002FF708?OpenDocument"	"PlanS"
"http://info.raad.tartu.ee/webaktid.nsf/web/gpunid/GC2257ED20030C63DC2257CA80027E62A?OpenDocument"	"PlanS"
"http://info.raad.tartu.ee/webaktid.nsf/web/gpunid/GC2257DD200719704C2257C14002D0F55?OpenDocument"	"PlanS LKS"
"http://info.raad.tartu.ee/webaktid.nsf/web/gpunid/GC2257ED20030C63DC2257CA10048AEFD?OpenDocument"	"PlanS"
"http://info.raad.tartu.ee/webaktid.nsf/web/gpunid/GC2257ED20030C63DC2257CB70045186F?OpenDocument"	"PlanS"
"http://info.raad.tartu.ee/webaktid.nsf/web/gpunid/GC2257ED20030C63DC2257C900034474E?OpenDocument"	"MuKS"
"http://info.raad.tartu.ee/webaktid.nsf/web/gpunid/GC2257ED20030C63DC2257C74004AC0FD?OpenDocument"	"PlanS"
"http://info.raad.tartu.ee/webaktid.nsf/web/gpunid/GC2257ED20030C63DC2257C77002362FA?OpenDocument"	"ÜTS"
"http://info.raad.tartu.ee/webaktid.nsf/web/gpunid/GC2257ED20030C63DC2257C8A002F25C1?OpenDocument"	"JäätS"
"http://info.raad.tartu.ee/webaktid.nsf/web/gpunid/GC2257ED20030C63DC2257C66002ACD0F?OpenDocument"	"PlanS"
"http://info.raad.tartu.ee/webaktid.nsf/web/gpunid/GC2257ED20030C63DC2257C5C002FDA6F?OpenDocument"	"PlanS"
"http://info.raad.tartu.ee/webaktid.nsf/web/gpunid/GC2257ED20030C63DC2257C710033817B?OpenDocument"	"PlanS"
"http://info.raad.tartu.ee/webaktid.nsf/web/gpunid/GC2257ED20030C63DC2257C63002E0EA3?OpenDocument"	"PlanS"
"http://info.raad.tartu.ee/webaktid.nsf/web/gpunid/GC2257ED20030C63DC2257C750045C4AD?OpenDocument"	"ÄS"
"http://info.raad.tartu.ee/webaktid.nsf/web/gpunid/GC2257ED20030C63DC2257C6D0021EB6D?OpenDocument"	"LasteKS"
"http://info.raad.tartu.ee/webaktid.nsf/web/gpunid/GC2257ED20030C63DC2257C770023882C?OpenDocument"	"PlanS"
"http://info.raad.tartu.ee/webaktid.nsf/web/gpunid/GC2257DD200719704C2257C3F0029F497?OpenDocument"	"PlanS"
"http://info.raad.tartu.ee/webaktid.nsf/web/gpunid/GC2257DD200719704C2257C45002426DC?OpenDocument"	"PlanS"
"http://info.raad.tartu.ee/webaktid.nsf/web/gpunid/GC2257ED20030C63DC2257C550034F13E?OpenDocument"	"PlanS LKS"
"http://info.raad.tartu.ee/webaktid.nsf/web/gpunid/GC2257ED20030C63DC2257C59003DE90E?OpenDocument"	"PlanS"
"http://info.raad.tartu.ee/webaktid.nsf/web/gpunid/GC2257DD200719704C2257C370022CCA5?OpenDocument"	"PlanS"
"http://info.raad.tartu.ee/webaktid.nsf/web/gpunid/GC2257DD200719704C2257C36004D18FF?OpenDocument"	"PlanS"
"http://info.raad.tartu.ee/webaktid.nsf/web/gpunid/GC225780F00541C64C2257A8A00325F74?OpenDocument"	"PlanS"
"http://info.raad.tartu.ee/webaktid.nsf/web/gpunid/GC2257DD200719704C2257C1A0044048A?OpenDocument"	"PlanS"
"http://info.raad.tartu.ee/webaktid.nsf/web/gpunid/GFC175E705118F390C2257F72002D96A1?OpenDocument"	"SHS"
"http://info.raad.tartu.ee/webaktid.nsf/web/gpunid/GFC175E705118F390C2257F72002D96A1?OpenDocument"	"SHS"
"http://info.raad.tartu.ee/webaktid.nsf/web/gpunid/GC2257ED20030C63DC2257E670038EF50?OpenDocument"	"ÜTS"
"http://info.raad.tartu.ee/webaktid.nsf/web/gpunid/GC2257ED20030C63DC2257E670038EF50?OpenDocument"	"ÜTS"
"http://info.raad.tartu.ee/webaktid.nsf/web/gpunid/GC2257ED20030C63DC2257E670038EF50?OpenDocument"	"ÜTS"
"http://info.raad.tartu.ee/webaktid.nsf/web/gpunid/GC2257ED20030C63DC2257E670038EF50?OpenDocument"	"ÜTS"
"http://info.raad.tartu.ee/webaktid.nsf/web/gpunid/GC2257ED20030C63DC2257E670038EF50?OpenDocument"	"ÜTS"
"http://info.raad.tartu.ee/webaktid.nsf/web/gpunid/GC2257ED20030C63DC2257E670038EF50?OpenDocument"	"ÜTS"
"http://info.raad.tartu.ee/webaktid.nsf/web/gpunid/GC2257ED20030C63DC2257E230042F220?OpenDocument"	"RLS"
"http://info.raad.tartu.ee/webaktid.nsf/web/gpunid/GC2257ED20030C63DC2257E230042F220?OpenDocument"	"RLS"
"http://info.raad.tartu.ee/webaktid.nsf/web/gpunid/GC2257ED20030C63DC2257E230042F220?OpenDocument"	"RLS"
"http://info.raad.tartu.ee/webaktid.nsf/web/gpunid/GC2257ED20030C63DC2257D4F00205510?OpenDocument"	"JäätS"
"http://info.raad.tartu.ee/webaktid.nsf/web/gpunid/GC2257ED20030C63DC2257D5100373435?OpenDocument"	"TubS"
"http://info.raad.tartu.ee/webaktid.nsf/web/gpunid/GC2257ED20030C63DC2257D4F00205510?OpenDocument"	"JäätS"
"http://info.raad.tartu.ee/webaktid.nsf/web/gpunid/GC2257ED20030C63DC2257D4F00205510?OpenDocument"	"JäätS"
"http://info.raad.tartu.ee/webaktid.nsf/web/gpunid/GC2257ED20030C63DC2257D5100373435?OpenDocument"	"TubS"
"http://info.raad.tartu.ee/webaktid.nsf/web/gpunid/GC2257ED20030C63DC2257CD8002E0C68?OpenDocument"	"PGS"
"http://info.raad.tartu.ee/webaktid.nsf/web/gpunid/GC2257ED20030C63DC2257CD8002E0C68?OpenDocument"	"PGS"
"http://info.raad.tartu.ee/webaktid.nsf/web/gpunid/GC2257ED20030C63DC2257CD8002E0C68?OpenDocument"	"PGS"
"http://info.raad.tartu.ee/webaktid.nsf/web/gpunid/GC2257ED20030C63DC2257CBC0023C740?OpenDocument"	"PGS"
"http://info.raad.tartu.ee/webaktid.nsf/web/gpunid/GC2257ED20030C63DC2257CBC0023C740?OpenDocument"	"PGS"
"http://info.raad.tartu.ee/webaktid.nsf/web/gpunid/GC2257ED20030C63DC2257CBC0023C740?OpenDocument"	"PGS"
"http://info.raad.tartu.ee/webaktid.nsf/web/gpunid/GC2257DD200719704C2257C3F0023FFF5?OpenDocument"	"LS"
"http://info.raad.tartu.ee/webaktid.nsf/web/gpunid/GC2257DD200719704C2257C3F0023FFF5?OpenDocument"	"LS"
"http://info.raad.tartu.ee/webaktid.nsf/web/gpunid/GC2257ED20030C63DC2257E670038EF50?OpenDocument"	"ÜTS"
"http://info.raad.tartu.ee/webaktid.nsf/web/gpunid/GC2257ED20030C63DC2257E670038EF50?OpenDocument"	"ÜTS"
"http://info.raad.tartu.ee/webaktid.nsf/web/gpunid/GC2257ED20030C63DC2257E670038EF50?OpenDocument"	"ÜTS"
"http://info.raad.tartu.ee/webaktid.nsf/web/gpunid/GC2257ED20030C63DC2257E670038EF50?OpenDocument"	"ÜTS"
"http://info.raad.tartu.ee/webaktid.nsf/web/gpunid/GC2257ED20030C63DC2257E670038EF50?OpenDocument"	"ÜTS"
"http://info.raad.tartu.ee/webaktid.nsf/web/gpunid/GC2257ED20030C63DC2257D87003F9A1B?OpenDocument"	"LasteKS"
"http://info.raad.tartu.ee/webaktid.nsf/web/gpunid/GC2257ED20030C63DC2257D87003F9A1B?OpenDocument"	"LasteKS"
"http://info.raad.tartu.ee/webaktid.nsf/web/gpunid/GC2257ED20030C63DC2257D87003F9A1B?OpenDocument"	"LasteKS"
"http://info.raad.tartu.ee/webaktid.nsf/web/gpunid/GC2257ED20030C63DC2257D5100373435?OpenDocument"	"TubS"
"http://info.raad.tartu.ee/webaktid.nsf/web/gpunid/GC2257ED20030C63DC2257D5100373435?OpenDocument"	"TubS"
"http://info.raad.tartu.ee/webaktid.nsf/web/gpunid/GC2257ED20030C63DC2257D4F00205510?OpenDocument"	"JäätS"
"http://info.raad.tartu.ee/webaktid.nsf/web/gpunid/GC2257ED20030C63DC2257D5100373435?OpenDocument"	"TubS"
"http://info.raad.tartu.ee/webaktid.nsf/web/gpunid/GC2257ED20030C63DC2257D4F00205510?OpenDocument"	"JäätS"
"http://info.raad.tartu.ee/webaktid.nsf/web/gpunid/GC2257ED20030C63DC2257D5100373435?OpenDocument"	"TubS"
"http://info.raad.tartu.ee/webaktid.nsf/web/gpunid/GC2257ED20030C63DC2257D4F00205510?OpenDocument"	"JäätS"
"http://info.raad.tartu.ee/webaktid.nsf/web/gpunid/GC2257ED20030C63DC2257D4F00205510?OpenDocument"	"JäätS"
"http://info.raad.tartu.ee/webaktid.nsf/web/gpunid/GC2257ED20030C63DC2257CEE003A58AD?OpenDocument"	"KorS"
"http://info.raad.tartu.ee/webaktid.nsf/web/gpunid/GC2257ED20030C63DC2257CEE003A58AD?OpenDocument"	"KorS"
"http://info.raad.tartu.ee/webaktid.nsf/web/gpunid/GC2257ED20030C63DC2257CEE003A58AD?OpenDocument"	"KorS"
"http://info.raad.tartu.ee/webaktid.nsf/web/gpunid/GC2257ED20030C63DC2257CEE003A58AD?OpenDocument"	"KorS"
"http://info.raad.tartu.ee/webaktid.nsf/web/gpunid/GC2257ED20030C63DC2257CEE003A58AD?OpenDocument"	"KorS"
"http://info.raad.tartu.ee/webaktid.nsf/web/gpunid/GC2257ED20030C63DC2257CE4002076D6?OpenDocument"	"PlanS"
"http://info.raad.tartu.ee/webaktid.nsf/web/gpunid/GC2257ED20030C63DC2257CE4002076D6?OpenDocument"	"PlanS"
"http://info.raad.tartu.ee/webaktid.nsf/web/gpunid/GC2257ED20030C63DC2257CE4002076D6?OpenDocument"	"PlanS"
"http://info.raad.tartu.ee/webaktid.nsf/web/gpunid/GC2257ED20030C63DC2257CD8002E0C68?OpenDocument"	"PGS"
"http://info.raad.tartu.ee/webaktid.nsf/web/gpunid/GC2257ED20030C63DC2257CE4002076D6?OpenDocument"	"PlanS"
"http://info.raad.tartu.ee/webaktid.nsf/web/gpunid/GC2257ED20030C63DC2257CD8002E0C68?OpenDocument"	"PGS"
"http://info.raad.tartu.ee/webaktid.nsf/web/gpunid/GC2257ED20030C63DC2257CBC0023C740?OpenDocument"	"PGS"
"http://info.raad.tartu.ee/webaktid.nsf/web/gpunid/G4455429C6A947503C2257F07002936FB?OpenDocument"	"RLS"
"http://info.raad.tartu.ee/webaktid.nsf/web/gpunid/G2310CAF0C8B05E29C2257CFA003CBDA6?OpenDocument"	"SpS"
"http://info.raad.tartu.ee/webaktid.nsf/web/gpunid/G2310CAF0C8B05E29C2257CFA003CBDA6?OpenDocument"	"SpS"
